,1,2,3,4,5
09408067-d904-42b7-b55b-6586d9d075ce,09408067-d904-42b7-b55b-6586d9d075ce,8cede4b7-3856-4685-8e3d-000e33a30bd8,92609cc4-9b23-4840-a786-e3b9cf2d1697,acff0f13-4804-46fe-8b58-b17ba5966a78,b09335d6-fe49-4e60-8733-a464c4665d29
2a7ed371-148c-4c6c-9ec7-1f0ef6bf8e75,2a7ed371-148c-4c6c-9ec7-1f0ef6bf8e75,87aa6a3c-05a5-4924-9800-54e87531c1aa,32134c76-4332-4c20-a74b-02d8df3cf21f,0700dfbd-764e-4110-bfe9-d8eae0d8cd49,080d9d53-2cfc-482f-b92f-26bfdb40fc18
2da6d0b0-2ae2-48a4-b331-78fc5d006f69,2da6d0b0-2ae2-48a4-b331-78fc5d006f69,8ca2dd90-90c6-4ac0-afc4-b36f46f184b8,09408067-d904-42b7-b55b-6586d9d075ce,0766f469-7dda-40bc-9238-dc03cae39910,a90e4dfa-168c-413f-a436-5ef61d312d4c
2e1986b0-68aa-4670-8563-72946b6928d6,2e1986b0-68aa-4670-8563-72946b6928d6,7537a958-c7e7-4874-90b3-637587771610,3874357e-d93e-4651-b17f-94ba7ed3ee66,16c5bfa2-43d3-4849-b826-78ad874225b6,7984f35c-73ed-4ace-81db-f86f9a32cc12
342f81e2-a101-4778-a20d-ce39fde93c1e,342f81e2-a101-4778-a20d-ce39fde93c1e,8ca2dd90-90c6-4ac0-afc4-b36f46f184b8,24d5687e-b176-4bfc-8ccc-001d44a564f4,cfced43f-6148-430d-b648-48d7295e87e5,09e80ed3-c682-4b03-80ef-5cc689602bfd
47ccb5bf-c767-4391-a56c-534ab8c367c5,47ccb5bf-c767-4391-a56c-534ab8c367c5,5e450f3d-41c9-48ec-897b-aeb9d25a9f65,615e8595-bb81-4ddd-9e85-c9ebade4890f,09e80ed3-c682-4b03-80ef-5cc689602bfd,342f81e2-a101-4778-a20d-ce39fde93c1e
5e450f3d-41c9-48ec-897b-aeb9d25a9f65,5e450f3d-41c9-48ec-897b-aeb9d25a9f65,fc996afb-d392-4472-a0f5-6193e3ba6171,47ccb5bf-c767-4391-a56c-534ab8c367c5,0ea4b66b-873a-4faf-8e00-c55d200645d4,6f33a300-ba24-4f87-b314-76bf0ddb4f78
5e80e727-5a39-4022-a86a-421a39d72943,5e80e727-5a39-4022-a86a-421a39d72943,080d9d53-2cfc-482f-b92f-26bfdb40fc18,f1c11073-cef6-4620-b65a-35e579d9f61b,7294d0ec-c255-4634-9f70-e0014d132233,b4f18bd5-ce3a-4d3b-8349-f87a987a6225
7294d0ec-c255-4634-9f70-e0014d132233,7294d0ec-c255-4634-9f70-e0014d132233,a90e4dfa-168c-413f-a436-5ef61d312d4c,f08901d0-635b-414f-a1b7-20e05775a298,5e80e727-5a39-4022-a86a-421a39d72943,e3f49d5c-e57f-4704-a601-b30342ca7dcb
75bfb3f8-f1b0-4264-9de1-5ae8fa4a39b0,75bfb3f8-f1b0-4264-9de1-5ae8fa4a39b0,3852c68c-a28b-410e-aab2-603fed2c5585,615e8595-bb81-4ddd-9e85-c9ebade4890f,fc996afb-d392-4472-a0f5-6193e3ba6171,ebb95208-d923-4b66-af5f-d827b82ce0d3
8731ba27-0769-44f1-8ebe-b90f95ebe6a6,8731ba27-0769-44f1-8ebe-b90f95ebe6a6,cdf9d24c-707a-4047-acfd-16e71e44d4f3,08925141-de74-4589-91ce-52e1a317ad9c,77d9b252-a68e-4836-9aa0-a81307da39e5,604a50d5-a2fb-4403-8171-c5a3619e4b7f
93bec27b-edbf-4921-a137-007d4b95c566,93bec27b-edbf-4921-a137-007d4b95c566,2901a3a8-2e37-430e-8479-5d2e04e4adf3,b48e5f89-2987-4989-8829-aa56d42757e6,b4ead3a8-b3bc-4c7b-a9bb-28324f8f06e3,e6021a26-ad98-47fd-a331-d639b5aff234
a3779f68-7430-4486-a39f-53940bb912a5,a3779f68-7430-4486-a39f-53940bb912a5,90647131-fb67-46a3-a478-e893d217c287,51bf5fd8-dd2a-4708-aa9f-cf6abddf16ea,3a0ec52f-b027-4df2-ba49-703f5a2a6cb5,d0046177-b55b-4f71-abbe-327e1d5a7e4b
b4f18bd5-ce3a-4d3b-8349-f87a987a6225,b4f18bd5-ce3a-4d3b-8349-f87a987a6225,38cef6a7-8ccf-445e-b8fb-781159acad88,e3ed2056-e8bd-446b-b24c-7ad7d588b3e3,604a50d5-a2fb-4403-8171-c5a3619e4b7f,5e80e727-5a39-4022-a86a-421a39d72943
bba58439-dc0b-410c-b4f6-8ff9dcd9146c,bba58439-dc0b-410c-b4f6-8ff9dcd9146c,5f4bba0c-f7b8-44aa-859e-944d6b67efe6,7de9579d-3c1d-432f-85c2-60e46c18a933,513cf07d-5c93-4d7a-9939-4d8b220f7075,e3ed2056-e8bd-446b-b24c-7ad7d588b3e3
bc2781f0-84db-4993-97a5-ff75ef0523d5,bc2781f0-84db-4993-97a5-ff75ef0523d5,1a3dc557-ac59-4594-b0c0-fd23b2cb11e1,16c5bfa2-43d3-4849-b826-78ad874225b6,b5e9e3b2-712a-4799-a857-57420a2de9fc,23cf2977-b699-4f06-baea-b9b022181ef8
c93486cf-0a57-4d2b-b654-83309bbad1f3,c93486cf-0a57-4d2b-b654-83309bbad1f3,16c5bfa2-43d3-4849-b826-78ad874225b6,0766f469-7dda-40bc-9238-dc03cae39910,861f20bc-9049-45d1-abbf-ece9feb8c545,5e0882b6-d099-4b8e-8de5-895c739f642e
cfced43f-6148-430d-b648-48d7295e87e5,cfced43f-6148-430d-b648-48d7295e87e5,08925141-de74-4589-91ce-52e1a317ad9c,342f81e2-a101-4778-a20d-ce39fde93c1e,b9d8338b-adf4-4a88-a723-c8dafe905d74,de9ea2d3-d78e-4305-b7c2-9ead617b45bc
db7eb9cd-e21b-4135-a77b-df9c903bb111,db7eb9cd-e21b-4135-a77b-df9c903bb111,6b46c019-1fb1-4335-ab19-1c0c0004ae0f,0589e923-760d-440e-a1b9-77440443e2bc,47ccb5bf-c767-4391-a56c-534ab8c367c5,24d5687e-b176-4bfc-8ccc-001d44a564f4
fc996afb-d392-4472-a0f5-6193e3ba6171,fc996afb-d392-4472-a0f5-6193e3ba6171,5e450f3d-41c9-48ec-897b-aeb9d25a9f65,d0046177-b55b-4f71-abbe-327e1d5a7e4b,6f33a300-ba24-4f87-b314-76bf0ddb4f78,75bfb3f8-f1b0-4264-9de1-5ae8fa4a39b0
feb893fe-51e7-463d-b090-387a5099a2c3,feb893fe-51e7-463d-b090-387a5099a2c3,e3ed2056-e8bd-446b-b24c-7ad7d588b3e3,21876ecf-d2f3-4a91-9b94-562a32b6c588,1c459cec-beff-4cc4-91ab-a8db8c6a6c97,695f4a59-4455-41bc-920b-e8a47e7a22c3
1a3dc557-ac59-4594-b0c0-fd23b2cb11e1,1a3dc557-ac59-4594-b0c0-fd23b2cb11e1,bc2781f0-84db-4993-97a5-ff75ef0523d5,1fd9036c-8d62-4d3f-a418-ecb160e3eeb1,7984f35c-73ed-4ace-81db-f86f9a32cc12,b4f18bd5-ce3a-4d3b-8349-f87a987a6225
20a6256e-b129-4585-aeb5-ba0c6597b038,20a6256e-b129-4585-aeb5-ba0c6597b038,e6c13a82-fc49-417e-8d69-d25098476f9e,f094d491-b86c-4a28-a64f-9375d6350958,895d123c-f81e-459a-8455-f0b10638be8b,c2c36d11-e049-4530-bac3-c02aaa58310d
5044d9b1-4620-4548-9aa9-4d4d0d3c0c9b,5044d9b1-4620-4548-9aa9-4d4d0d3c0c9b,2ca724da-6f47-491c-adb9-6f24cf728fac,ad580a2e-1912-416f-aab4-5dc337321d9b,f1c11073-cef6-4620-b65a-35e579d9f61b,a1465b02-4aa0-4982-a28c-444082dc71b9
54aa46ac-b7c8-43d1-82ac-c4c42aec2476,54aa46ac-b7c8-43d1-82ac-c4c42aec2476,68c1e6ba-29d7-4076-9a8a-675616269720,7c176774-d8c3-4282-a3a5-eb5b10ae4fd9,895d123c-f81e-459a-8455-f0b10638be8b,b0b9cc76-ec78-41c4-b79d-bd956c9e79a5
5e0882b6-d099-4b8e-8de5-895c739f642e,5e0882b6-d099-4b8e-8de5-895c739f642e,6f33a300-ba24-4f87-b314-76bf0ddb4f78,d0046177-b55b-4f71-abbe-327e1d5a7e4b,a1465b02-4aa0-4982-a28c-444082dc71b9,7984f35c-73ed-4ace-81db-f86f9a32cc12
9e796714-005c-499d-927c-f0cddf8d5b40,9e796714-005c-499d-927c-f0cddf8d5b40,316f5b0a-2b32-4a78-a909-48fa63c786b0,54aa46ac-b7c8-43d1-82ac-c4c42aec2476,2e1986b0-68aa-4670-8563-72946b6928d6,d1c7dddd-dd0e-459b-8e76-57f24b81c0ef
a90aacbf-09fc-4716-b8b9-ebe5d7ba374f,a90aacbf-09fc-4716-b8b9-ebe5d7ba374f,f08901d0-635b-414f-a1b7-20e05775a298,16c5bfa2-43d3-4849-b826-78ad874225b6,b4ead3a8-b3bc-4c7b-a9bb-28324f8f06e3,3cc5d065-cedb-4997-865c-dfb6eabc801e
b0b9cc76-ec78-41c4-b79d-bd956c9e79a5,b0b9cc76-ec78-41c4-b79d-bd956c9e79a5,51bf5fd8-dd2a-4708-aa9f-cf6abddf16ea,c06a6545-9aab-4dc6-af83-0a1f4e82eba6,9b170eba-d44d-43d1-a85c-73c58e48a7c5,5e0882b6-d099-4b8e-8de5-895c739f642e
b48e5f89-2987-4989-8829-aa56d42757e6,b48e5f89-2987-4989-8829-aa56d42757e6,93bec27b-edbf-4921-a137-007d4b95c566,b5e9e3b2-712a-4799-a857-57420a2de9fc,0e7ddbfb-96c0-4918-9ced-f16920e96611,0589e923-760d-440e-a1b9-77440443e2bc
b4c24038-5906-4b51-ae00-131a97b4f1a5,b4c24038-5906-4b51-ae00-131a97b4f1a5,f1c11073-cef6-4620-b65a-35e579d9f61b,6b46c019-1fb1-4335-ab19-1c0c0004ae0f,9d10e50f-e9d5-4e3b-ab26-8e4e2c3557da,def03c81-e811-4aaa-9204-3e5c62a2c58e
e4a4e61b-7288-4a5c-a2d1-cc4039599ec7,e4a4e61b-7288-4a5c-a2d1-cc4039599ec7,2812aa9b-1982-48d2-a2dd-aadf1e68faca,6154d1ae-719f-4156-8c98-c30d080a90e3,419a65cd-aa45-4fcc-bc5d-71dbc3ee8b13,08e06f9b-1d5f-4126-b7c8-6cb346610d84
0700dfbd-764e-4110-bfe9-d8eae0d8cd49,0700dfbd-764e-4110-bfe9-d8eae0d8cd49,2a7ed371-148c-4c6c-9ec7-1f0ef6bf8e75,8b2b2109-9ada-49da-be2a-f7f2039e6c17,fd3acfcd-0102-4ab7-8bc8-298232b84f34,fc996afb-d392-4472-a0f5-6193e3ba6171
15150151-4c1c-4306-80a5-cb0143f7efb9,15150151-4c1c-4306-80a5-cb0143f7efb9,6164e686-768c-459e-be25-072a4de5885b,1ec582c6-97ea-44c6-bb24-f75c24bb114f,bd2fbab0-a3b0-483f-9640-67640fad451f,7bf7f4f3-8942-43ac-9313-7a12586160a7
21876ecf-d2f3-4a91-9b94-562a32b6c588,21876ecf-d2f3-4a91-9b94-562a32b6c588,fd158405-d6cc-4fc2-95bc-94b0c65728da,14e8fc5d-08ce-40fc-a25b-65cfffde88f9,5e0882b6-d099-4b8e-8de5-895c739f642e,e6021a26-ad98-47fd-a331-d639b5aff234
24d5687e-b176-4bfc-8ccc-001d44a564f4,24d5687e-b176-4bfc-8ccc-001d44a564f4,ad580a2e-1912-416f-aab4-5dc337321d9b,342f81e2-a101-4778-a20d-ce39fde93c1e,09e80ed3-c682-4b03-80ef-5cc689602bfd,9b170eba-d44d-43d1-a85c-73c58e48a7c5
29bcdcfb-24bd-4c60-a42e-2f42cbca49cf,29bcdcfb-24bd-4c60-a42e-2f42cbca49cf,f094d491-b86c-4a28-a64f-9375d6350958,3e84467f-5700-430c-bd0a-7c984fd93ed2,dd515abd-bd7a-43d0-a672-d33afd8338e5,fd3acfcd-0102-4ab7-8bc8-298232b84f34
32a9763f-a14e-4826-8c7a-f3a8a608e5a0,32a9763f-a14e-4826-8c7a-f3a8a608e5a0,23cf2977-b699-4f06-baea-b9b022181ef8,7c176774-d8c3-4282-a3a5-eb5b10ae4fd9,1e64181d-be0e-4ded-bcf5-da0c76e35943,4b48ca63-803e-4fab-996b-cd14cee13146
38cef6a7-8ccf-445e-b8fb-781159acad88,38cef6a7-8ccf-445e-b8fb-781159acad88,23cf2977-b699-4f06-baea-b9b022181ef8,d8dd79a7-0c79-4f52-8ecb-82766b88ae92,b4f18bd5-ce3a-4d3b-8349-f87a987a6225,e3ed2056-e8bd-446b-b24c-7ad7d588b3e3
5f4bba0c-f7b8-44aa-859e-944d6b67efe6,5f4bba0c-f7b8-44aa-859e-944d6b67efe6,3ab40da8-7699-4dbd-b2f0-1c6652b460c5,bba58439-dc0b-410c-b4f6-8ff9dcd9146c,24d5687e-b176-4bfc-8ccc-001d44a564f4,33590bff-0ebc-481c-b5ec-94205e1a2863
6154d1ae-719f-4156-8c98-c30d080a90e3,6154d1ae-719f-4156-8c98-c30d080a90e3,e4a4e61b-7288-4a5c-a2d1-cc4039599ec7,2812aa9b-1982-48d2-a2dd-aadf1e68faca,b4f18bd5-ce3a-4d3b-8349-f87a987a6225,c06a6545-9aab-4dc6-af83-0a1f4e82eba6
6164e686-768c-459e-be25-072a4de5885b,6164e686-768c-459e-be25-072a4de5885b,15150151-4c1c-4306-80a5-cb0143f7efb9,1ec582c6-97ea-44c6-bb24-f75c24bb114f,5220d15c-ae5f-4903-b0d1-f9b5a5e9798e,2a7ed371-148c-4c6c-9ec7-1f0ef6bf8e75
68c1e6ba-29d7-4076-9a8a-675616269720,68c1e6ba-29d7-4076-9a8a-675616269720,e6c13a82-fc49-417e-8d69-d25098476f9e,67d19fef-d6c3-496b-b299-1dfd6e3c9538,54aa46ac-b7c8-43d1-82ac-c4c42aec2476,f2c107ad-a2b7-4d04-be85-cda31c87b643
7984f35c-73ed-4ace-81db-f86f9a32cc12,7984f35c-73ed-4ace-81db-f86f9a32cc12,16c5bfa2-43d3-4849-b826-78ad874225b6,5e0882b6-d099-4b8e-8de5-895c739f642e,2e1986b0-68aa-4670-8563-72946b6928d6,604a50d5-a2fb-4403-8171-c5a3619e4b7f
7de9579d-3c1d-432f-85c2-60e46c18a933,7de9579d-3c1d-432f-85c2-60e46c18a933,bba58439-dc0b-410c-b4f6-8ff9dcd9146c,310df5b3-1f4a-4239-bcad-d94865b69148,3cc5d065-cedb-4997-865c-dfb6eabc801e,c06a6545-9aab-4dc6-af83-0a1f4e82eba6
7fa8a373-34f5-4912-bab3-a3d7c481849a,7fa8a373-34f5-4912-bab3-a3d7c481849a,895d123c-f81e-459a-8455-f0b10638be8b,94e84c32-cb6b-416a-8913-1c2904d459c5,33590bff-0ebc-481c-b5ec-94205e1a2863,3a0ec52f-b027-4df2-ba49-703f5a2a6cb5
863968f5-4be9-4b04-ac2c-2d4e78b65502,863968f5-4be9-4b04-ac2c-2d4e78b65502,fd158405-d6cc-4fc2-95bc-94b0c65728da,b5e9e3b2-712a-4799-a857-57420a2de9fc,5e0882b6-d099-4b8e-8de5-895c739f642e,ca61b984-486b-464f-97a0-64672b9aa918
8cede4b7-3856-4685-8e3d-000e33a30bd8,8cede4b7-3856-4685-8e3d-000e33a30bd8,09408067-d904-42b7-b55b-6586d9d075ce,24d5687e-b176-4bfc-8ccc-001d44a564f4,68bf0cae-8c34-4dca-9c40-85dbb7db1ad8,0589e923-760d-440e-a1b9-77440443e2bc
8d4613a6-5cda-4414-8c8e-117ec977802a,8d4613a6-5cda-4414-8c8e-117ec977802a,342f81e2-a101-4778-a20d-ce39fde93c1e,67d19fef-d6c3-496b-b299-1dfd6e3c9538,fd3acfcd-0102-4ab7-8bc8-298232b84f34,7da25bac-7d69-452c-8c57-8608b4f359b1
96c9d1ed-2797-4422-887f-24fe6d46b6b7,96c9d1ed-2797-4422-887f-24fe6d46b6b7,fd158405-d6cc-4fc2-95bc-94b0c65728da,0766f469-7dda-40bc-9238-dc03cae39910,33590bff-0ebc-481c-b5ec-94205e1a2863,87aa6a3c-05a5-4924-9800-54e87531c1aa
a76fe9dc-6db9-4673-b68c-91f9d1504676,a76fe9dc-6db9-4673-b68c-91f9d1504676,6836d281-5e1a-4a8d-b00c-4c25642e3b2f,3eb7272a-6b33-469f-bdee-73604627a0b8,225eee51-3673-4f91-8d60-4675e2d4803a,68bf0cae-8c34-4dca-9c40-85dbb7db1ad8
c3cff43e-5d9f-4cde-8aae-f62a77d9e17a,c3cff43e-5d9f-4cde-8aae-f62a77d9e17a,3ab40da8-7699-4dbd-b2f0-1c6652b460c5,5e0882b6-d099-4b8e-8de5-895c739f642e,fb69302b-2316-44ff-98f6-b4d754940bfc,b4ead3a8-b3bc-4c7b-a9bb-28324f8f06e3
dd515abd-bd7a-43d0-a672-d33afd8338e5,dd515abd-bd7a-43d0-a672-d33afd8338e5,5235df06-d630-4626-8724-4b8f83c98673,f08901d0-635b-414f-a1b7-20e05775a298,29bcdcfb-24bd-4c60-a42e-2f42cbca49cf,0e7ddbfb-96c0-4918-9ced-f16920e96611
ec0bcc88-3597-45f1-b7a7-191c5be683ab,ec0bcc88-3597-45f1-b7a7-191c5be683ab,8859112f-c87b-4cca-98a8-d5fc07a214db,33590bff-0ebc-481c-b5ec-94205e1a2863,1b82bb1b-2e0c-41ad-b477-4adfb4414822,6493911e-a3f4-428c-ad81-845415c6076e
f094d491-b86c-4a28-a64f-9375d6350958,f094d491-b86c-4a28-a64f-9375d6350958,29bcdcfb-24bd-4c60-a42e-2f42cbca49cf,3e84467f-5700-430c-bd0a-7c984fd93ed2,613b4fb1-35f4-40aa-a2bf-5d7d2e5e0f43,20a6256e-b129-4585-aeb5-ba0c6597b038
4b3397ab-cc16-4180-9a9a-14a177ab17b4,4b3397ab-cc16-4180-9a9a-14a177ab17b4,3cc5d065-cedb-4997-865c-dfb6eabc801e,6f33a300-ba24-4f87-b314-76bf0ddb4f78,b09335d6-fe49-4e60-8733-a464c4665d29,419a65cd-aa45-4fcc-bc5d-71dbc3ee8b13
5235df06-d630-4626-8724-4b8f83c98673,5235df06-d630-4626-8724-4b8f83c98673,dd515abd-bd7a-43d0-a672-d33afd8338e5,1e64181d-be0e-4ded-bcf5-da0c76e35943,695f4a59-4455-41bc-920b-e8a47e7a22c3,08bb14b1-c0ff-4971-b49d-3e8992164752
7537a958-c7e7-4874-90b3-637587771610,7537a958-c7e7-4874-90b3-637587771610,85a36726-8b19-4991-a27c-f033c33fffae,2e1986b0-68aa-4670-8563-72946b6928d6,5c7d073e-4163-4a80-9692-56d67af7e8ff,fed9b7c9-ef0c-413e-b028-ccf1e31b535f
77d9b252-a68e-4836-9aa0-a81307da39e5,77d9b252-a68e-4836-9aa0-a81307da39e5,b5c1257f-e666-4afb-931f-f66621db5d62,c2c36d11-e049-4530-bac3-c02aaa58310d,fd3acfcd-0102-4ab7-8bc8-298232b84f34,d0046177-b55b-4f71-abbe-327e1d5a7e4b
8a67ae4c-73a6-4221-afca-8fe1cb82d3cf,8a67ae4c-73a6-4221-afca-8fe1cb82d3cf,3cc5d065-cedb-4997-865c-dfb6eabc801e,ec0bcc88-3597-45f1-b7a7-191c5be683ab,6493911e-a3f4-428c-ad81-845415c6076e,a19f5d9e-7ec5-4f1c-86dc-00c2d0652ce7
a540c957-8849-408f-a749-53a998429aaf,a540c957-8849-408f-a749-53a998429aaf,e327af4a-9059-485a-a79e-d93ddd1ab60b,acff0f13-4804-46fe-8b58-b17ba5966a78,1e64181d-be0e-4ded-bcf5-da0c76e35943,9f406118-67c3-43d6-a23a-924bcc319381
a90e4dfa-168c-413f-a436-5ef61d312d4c,a90e4dfa-168c-413f-a436-5ef61d312d4c,cc5a6179-d765-4d72-ba79-6ceb6d5e918b,6836d281-5e1a-4a8d-b00c-4c25642e3b2f,2901a3a8-2e37-430e-8479-5d2e04e4adf3,3874357e-d93e-4651-b17f-94ba7ed3ee66
ad580a2e-1912-416f-aab4-5dc337321d9b,ad580a2e-1912-416f-aab4-5dc337321d9b,5044d9b1-4620-4548-9aa9-4d4d0d3c0c9b,24d5687e-b176-4bfc-8ccc-001d44a564f4,2ca724da-6f47-491c-adb9-6f24cf728fac,e6c13a82-fc49-417e-8d69-d25098476f9e
c2c36d11-e049-4530-bac3-c02aaa58310d,c2c36d11-e049-4530-bac3-c02aaa58310d,b09335d6-fe49-4e60-8733-a464c4665d29,1b82bb1b-2e0c-41ad-b477-4adfb4414822,77d9b252-a68e-4836-9aa0-a81307da39e5,e6c13a82-fc49-417e-8d69-d25098476f9e
ca61b984-486b-464f-97a0-64672b9aa918,ca61b984-486b-464f-97a0-64672b9aa918,23cf2977-b699-4f06-baea-b9b022181ef8,85726ec9-7d01-41af-aa20-0b4c4c798198,fd158405-d6cc-4fc2-95bc-94b0c65728da,863968f5-4be9-4b04-ac2c-2d4e78b65502
e327af4a-9059-485a-a79e-d93ddd1ab60b,e327af4a-9059-485a-a79e-d93ddd1ab60b,01d3443f-a1b7-44ba-8f6d-04e0e278470a,acff0f13-4804-46fe-8b58-b17ba5966a78,94730346-43d3-4260-a15c-69d6a50720fb,3874357e-d93e-4651-b17f-94ba7ed3ee66
f2c107ad-a2b7-4d04-be85-cda31c87b643,f2c107ad-a2b7-4d04-be85-cda31c87b643,316f5b0a-2b32-4a78-a909-48fa63c786b0,68c1e6ba-29d7-4076-9a8a-675616269720,dd515abd-bd7a-43d0-a672-d33afd8338e5,16c5bfa2-43d3-4849-b826-78ad874225b6
080d9d53-2cfc-482f-b92f-26bfdb40fc18,080d9d53-2cfc-482f-b92f-26bfdb40fc18,2a7ed371-148c-4c6c-9ec7-1f0ef6bf8e75,5e80e727-5a39-4022-a86a-421a39d72943,0e7ddbfb-96c0-4918-9ced-f16920e96611,3874357e-d93e-4651-b17f-94ba7ed3ee66
08e06f9b-1d5f-4126-b7c8-6cb346610d84,08e06f9b-1d5f-4126-b7c8-6cb346610d84,342f81e2-a101-4778-a20d-ce39fde93c1e,d6f4cc24-c641-4b54-b31c-9b0bc423a211,b4ead3a8-b3bc-4c7b-a9bb-28324f8f06e3,e4a4e61b-7288-4a5c-a2d1-cc4039599ec7
12708359-f02b-4058-a690-aa9672688698,12708359-f02b-4058-a690-aa9672688698,3585862b-d0a1-4a3e-bab8-1f41a5ac88ce,70b36681-89f7-469b-9cee-d58af9d1024f,3eb7272a-6b33-469f-bdee-73604627a0b8,604a50d5-a2fb-4403-8171-c5a3619e4b7f
198d46be-5382-4804-b05b-729017e06892,198d46be-5382-4804-b05b-729017e06892,934d3ff2-5da6-4505-945f-03643de0267f,32134c76-4332-4c20-a74b-02d8df3cf21f,861f20bc-9049-45d1-abbf-ece9feb8c545,0766f469-7dda-40bc-9238-dc03cae39910
316f5b0a-2b32-4a78-a909-48fa63c786b0,316f5b0a-2b32-4a78-a909-48fa63c786b0,f2c107ad-a2b7-4d04-be85-cda31c87b643,bd2fbab0-a3b0-483f-9640-67640fad451f,1c459cec-beff-4cc4-91ab-a8db8c6a6c97,9e796714-005c-499d-927c-f0cddf8d5b40
31d701f0-9db5-4d4a-8653-902f9080d5c9,31d701f0-9db5-4d4a-8653-902f9080d5c9,7d8cc1d9-3e91-4d47-991e-94ee8a64896e,1b956485-756f-4654-9996-3db976a03827,81e33f3a-b581-4c39-b2b5-e2c48d26e79d,1fd9036c-8d62-4d3f-a418-ecb160e3eeb1
3585862b-d0a1-4a3e-bab8-1f41a5ac88ce,3585862b-d0a1-4a3e-bab8-1f41a5ac88ce,1c459cec-beff-4cc4-91ab-a8db8c6a6c97,12708359-f02b-4058-a690-aa9672688698,90647131-fb67-46a3-a478-e893d217c287,47ccb5bf-c767-4391-a56c-534ab8c367c5
3874357e-d93e-4651-b17f-94ba7ed3ee66,3874357e-d93e-4651-b17f-94ba7ed3ee66,a90e4dfa-168c-413f-a436-5ef61d312d4c,cc5a6179-d765-4d72-ba79-6ceb6d5e918b,ca591eef-e808-4df8-9b56-110ed32e98cc,01d3443f-a1b7-44ba-8f6d-04e0e278470a
5220d15c-ae5f-4903-b0d1-f9b5a5e9798e,5220d15c-ae5f-4903-b0d1-f9b5a5e9798e,0589e923-760d-440e-a1b9-77440443e2bc,a90e4dfa-168c-413f-a436-5ef61d312d4c,6164e686-768c-459e-be25-072a4de5885b,3e84467f-5700-430c-bd0a-7c984fd93ed2
67d19fef-d6c3-496b-b299-1dfd6e3c9538,67d19fef-d6c3-496b-b299-1dfd6e3c9538,a90e4dfa-168c-413f-a436-5ef61d312d4c,7bf7f4f3-8942-43ac-9313-7a12586160a7,342f81e2-a101-4778-a20d-ce39fde93c1e,68c1e6ba-29d7-4076-9a8a-675616269720
71f6b7ab-7764-4b06-825a-01e6138bd84e,71f6b7ab-7764-4b06-825a-01e6138bd84e,def03c81-e811-4aaa-9204-3e5c62a2c58e,5e5e2d66-3c42-46fa-8271-1167aa54bfc7,6a4eaa87-5adb-4e3d-a523-3d58535f4450,6493911e-a3f4-428c-ad81-845415c6076e
81e33f3a-b581-4c39-b2b5-e2c48d26e79d,81e33f3a-b581-4c39-b2b5-e2c48d26e79d,e3ed2056-e8bd-446b-b24c-7ad7d588b3e3,14e8fc5d-08ce-40fc-a25b-65cfffde88f9,b47ccbe7-088a-4a64-a995-16927eb8458b,93bec27b-edbf-4921-a137-007d4b95c566
9b170eba-d44d-43d1-a85c-73c58e48a7c5,9b170eba-d44d-43d1-a85c-73c58e48a7c5,2812aa9b-1982-48d2-a2dd-aadf1e68faca,fb69302b-2316-44ff-98f6-b4d754940bfc,24d5687e-b176-4bfc-8ccc-001d44a564f4,acff0f13-4804-46fe-8b58-b17ba5966a78
a5afb076-1496-4e72-b67d-b95d855cf2f7,a5afb076-1496-4e72-b67d-b95d855cf2f7,bc37f2ad-2096-404e-807d-10cece49a9c8,419a65cd-aa45-4fcc-bc5d-71dbc3ee8b13,3eb7272a-6b33-469f-bdee-73604627a0b8,5e450f3d-41c9-48ec-897b-aeb9d25a9f65
b9d8338b-adf4-4a88-a723-c8dafe905d74,b9d8338b-adf4-4a88-a723-c8dafe905d74,cfced43f-6148-430d-b648-48d7295e87e5,807e314f-f823-43d5-8bc1-b7c6903161ab,de9ea2d3-d78e-4305-b7c2-9ead617b45bc,895d123c-f81e-459a-8455-f0b10638be8b
bd2fbab0-a3b0-483f-9640-67640fad451f,bd2fbab0-a3b0-483f-9640-67640fad451f,1ec582c6-97ea-44c6-bb24-f75c24bb114f,15150151-4c1c-4306-80a5-cb0143f7efb9,316f5b0a-2b32-4a78-a909-48fa63c786b0,9443effa-8443-4327-a69c-a0568e827200
def03c81-e811-4aaa-9204-3e5c62a2c58e,def03c81-e811-4aaa-9204-3e5c62a2c58e,a4e7fbd4-a784-4ef7-baf0-d4391572ff08,895d123c-f81e-459a-8455-f0b10638be8b,16c5bfa2-43d3-4849-b826-78ad874225b6,20a6256e-b129-4585-aeb5-ba0c6597b038
ebecf6ae-caa0-4fd4-8fcf-cbc71474ea06,ebecf6ae-caa0-4fd4-8fcf-cbc71474ea06,513cf07d-5c93-4d7a-9939-4d8b220f7075,5235df06-d630-4626-8724-4b8f83c98673,7c176774-d8c3-4282-a3a5-eb5b10ae4fd9,1b956485-756f-4654-9996-3db976a03827
f08901d0-635b-414f-a1b7-20e05775a298,f08901d0-635b-414f-a1b7-20e05775a298,a90aacbf-09fc-4716-b8b9-ebe5d7ba374f,ca591eef-e808-4df8-9b56-110ed32e98cc,dd515abd-bd7a-43d0-a672-d33afd8338e5,16c5bfa2-43d3-4849-b826-78ad874225b6
f1c3786b-3ba1-42e7-8c1c-1ccf8009afc8,f1c3786b-3ba1-42e7-8c1c-1ccf8009afc8,613b4fb1-35f4-40aa-a2bf-5d7d2e5e0f43,d6f4cc24-c641-4b54-b31c-9b0bc423a211,a90e4dfa-168c-413f-a436-5ef61d312d4c,744555cf-e071-4000-a9d6-b871ec0858a3
fb69302b-2316-44ff-98f6-b4d754940bfc,fb69302b-2316-44ff-98f6-b4d754940bfc,9b170eba-d44d-43d1-a85c-73c58e48a7c5,c2bec66a-2c8e-49a9-abad-8fe94d88245e,5e0882b6-d099-4b8e-8de5-895c739f642e,e3ed2056-e8bd-446b-b24c-7ad7d588b3e3
fc53b701-d0dd-4f34-8b5a-0ddae93dd384,fc53b701-d0dd-4f34-8b5a-0ddae93dd384,f1c11073-cef6-4620-b65a-35e579d9f61b,08bb14b1-c0ff-4971-b49d-3e8992164752,9f406118-67c3-43d6-a23a-924bcc319381,5235df06-d630-4626-8724-4b8f83c98673
fd3acfcd-0102-4ab7-8bc8-298232b84f34,fd3acfcd-0102-4ab7-8bc8-298232b84f34,e6c13a82-fc49-417e-8d69-d25098476f9e,33590bff-0ebc-481c-b5ec-94205e1a2863,29bcdcfb-24bd-4c60-a42e-2f42cbca49cf,72dcdb4b-e7fb-4c52-9e7e-089d458b4c81
08bb14b1-c0ff-4971-b49d-3e8992164752,08bb14b1-c0ff-4971-b49d-3e8992164752,5235df06-d630-4626-8724-4b8f83c98673,fc53b701-d0dd-4f34-8b5a-0ddae93dd384,0fe64fd4-009d-47cf-9b06-d92ee46e0cba,c93486cf-0a57-4d2b-b654-83309bbad1f3
16c5bfa2-43d3-4849-b826-78ad874225b6,16c5bfa2-43d3-4849-b826-78ad874225b6,7984f35c-73ed-4ace-81db-f86f9a32cc12,c93486cf-0a57-4d2b-b654-83309bbad1f3,5e0882b6-d099-4b8e-8de5-895c739f642e,bc2781f0-84db-4993-97a5-ff75ef0523d5
1b82bb1b-2e0c-41ad-b477-4adfb4414822,1b82bb1b-2e0c-41ad-b477-4adfb4414822,ec0bcc88-3597-45f1-b7a7-191c5be683ab,c2c36d11-e049-4530-bac3-c02aaa58310d,3e84467f-5700-430c-bd0a-7c984fd93ed2,32f1e27f-374c-4a7d-a373-9587267c8b9a
1b956485-756f-4654-9996-3db976a03827,1b956485-756f-4654-9996-3db976a03827,eaa86260-49a1-462d-befc-d8bf32a5f158,b4ead3a8-b3bc-4c7b-a9bb-28324f8f06e3,a4e7fbd4-a784-4ef7-baf0-d4391572ff08,7c176774-d8c3-4282-a3a5-eb5b10ae4fd9
23cf2977-b699-4f06-baea-b9b022181ef8,23cf2977-b699-4f06-baea-b9b022181ef8,3cc5d065-cedb-4997-865c-dfb6eabc801e,ca61b984-486b-464f-97a0-64672b9aa918,38cef6a7-8ccf-445e-b8fb-781159acad88,3eb7272a-6b33-469f-bdee-73604627a0b8
2901a3a8-2e37-430e-8479-5d2e04e4adf3,2901a3a8-2e37-430e-8479-5d2e04e4adf3,93bec27b-edbf-4921-a137-007d4b95c566,a90e4dfa-168c-413f-a436-5ef61d312d4c,2c218a07-2784-4918-b01f-d66f9b9edcde,0766f469-7dda-40bc-9238-dc03cae39910
2c218a07-2784-4918-b01f-d66f9b9edcde,2c218a07-2784-4918-b01f-d66f9b9edcde,2901a3a8-2e37-430e-8479-5d2e04e4adf3,4aa46b21-4798-4bb7-80fc-99b0379d1856,93bec27b-edbf-4921-a137-007d4b95c566,38cef6a7-8ccf-445e-b8fb-781159acad88
32134c76-4332-4c20-a74b-02d8df3cf21f,32134c76-4332-4c20-a74b-02d8df3cf21f,e6021a26-ad98-47fd-a331-d639b5aff234,2a7ed371-148c-4c6c-9ec7-1f0ef6bf8e75,33590bff-0ebc-481c-b5ec-94205e1a2863,ad580a2e-1912-416f-aab4-5dc337321d9b
46a145e3-1141-4aa5-9f5a-1ce7badc83f2,46a145e3-1141-4aa5-9f5a-1ce7badc83f2,7da25bac-7d69-452c-8c57-8608b4f359b1,23cf2977-b699-4f06-baea-b9b022181ef8,a19f5d9e-7ec5-4f1c-86dc-00c2d0652ce7,2ca724da-6f47-491c-adb9-6f24cf728fac
4aa46b21-4798-4bb7-80fc-99b0379d1856,4aa46b21-4798-4bb7-80fc-99b0379d1856,2c218a07-2784-4918-b01f-d66f9b9edcde,16c5bfa2-43d3-4849-b826-78ad874225b6,a90aacbf-09fc-4716-b8b9-ebe5d7ba374f,b4ead3a8-b3bc-4c7b-a9bb-28324f8f06e3
604a50d5-a2fb-4403-8171-c5a3619e4b7f,604a50d5-a2fb-4403-8171-c5a3619e4b7f,72dcdb4b-e7fb-4c52-9e7e-089d458b4c81,cdf9d24c-707a-4047-acfd-16e71e44d4f3,92609cc4-9b23-4840-a786-e3b9cf2d1697,2486af64-8894-4815-af58-3165348714f5
615e8595-bb81-4ddd-9e85-c9ebade4890f,615e8595-bb81-4ddd-9e85-c9ebade4890f,47ccb5bf-c767-4391-a56c-534ab8c367c5,4d755fda-29f2-47ad-a0e9-21d3705e7e3e,3585862b-d0a1-4a3e-bab8-1f41a5ac88ce,6f33a300-ba24-4f87-b314-76bf0ddb4f78
6836d281-5e1a-4a8d-b00c-4c25642e3b2f,6836d281-5e1a-4a8d-b00c-4c25642e3b2f,a90e4dfa-168c-413f-a436-5ef61d312d4c,a76fe9dc-6db9-4673-b68c-91f9d1504676,934d3ff2-5da6-4505-945f-03643de0267f,3874357e-d93e-4651-b17f-94ba7ed3ee66
7c176774-d8c3-4282-a3a5-eb5b10ae4fd9,7c176774-d8c3-4282-a3a5-eb5b10ae4fd9,c66bf0f3-7b5f-48f8-a516-3579cb98c588,67d19fef-d6c3-496b-b299-1dfd6e3c9538,54aa46ac-b7c8-43d1-82ac-c4c42aec2476,32a9763f-a14e-4826-8c7a-f3a8a608e5a0
7d8cc1d9-3e91-4d47-991e-94ee8a64896e,7d8cc1d9-3e91-4d47-991e-94ee8a64896e,38cef6a7-8ccf-445e-b8fb-781159acad88,31d701f0-9db5-4d4a-8653-902f9080d5c9,3fbf8ded-41ea-49e8-a165-51c9ccb039a5,b4f18bd5-ce3a-4d3b-8349-f87a987a6225
85726ec9-7d01-41af-aa20-0b4c4c798198,85726ec9-7d01-41af-aa20-0b4c4c798198,0766f469-7dda-40bc-9238-dc03cae39910,16c5bfa2-43d3-4849-b826-78ad874225b6,ca61b984-486b-464f-97a0-64672b9aa918,23cf2977-b699-4f06-baea-b9b022181ef8
8859112f-c87b-4cca-98a8-d5fc07a214db,8859112f-c87b-4cca-98a8-d5fc07a214db,ec0bcc88-3597-45f1-b7a7-191c5be683ab,70b36681-89f7-469b-9cee-d58af9d1024f,3ab40da8-7699-4dbd-b2f0-1c6652b460c5,c06a6545-9aab-4dc6-af83-0a1f4e82eba6
8ca2dd90-90c6-4ac0-afc4-b36f46f184b8,8ca2dd90-90c6-4ac0-afc4-b36f46f184b8,342f81e2-a101-4778-a20d-ce39fde93c1e,a90e4dfa-168c-413f-a436-5ef61d312d4c,934d3ff2-5da6-4505-945f-03643de0267f,09e80ed3-c682-4b03-80ef-5cc689602bfd
92609cc4-9b23-4840-a786-e3b9cf2d1697,92609cc4-9b23-4840-a786-e3b9cf2d1697,9d10e50f-e9d5-4e3b-ab26-8e4e2c3557da,e4903e67-03c1-44a9-85b3-86bf43e478f4,09408067-d904-42b7-b55b-6586d9d075ce,604a50d5-a2fb-4403-8171-c5a3619e4b7f
9443effa-8443-4327-a69c-a0568e827200,9443effa-8443-4327-a69c-a0568e827200,fd158405-d6cc-4fc2-95bc-94b0c65728da,b4c24038-5906-4b51-ae00-131a97b4f1a5,bd2fbab0-a3b0-483f-9640-67640fad451f,85a36726-8b19-4991-a27c-f033c33fffae
94e84c32-cb6b-416a-8913-1c2904d459c5,94e84c32-cb6b-416a-8913-1c2904d459c5,3a0ec52f-b027-4df2-ba49-703f5a2a6cb5,acff0f13-4804-46fe-8b58-b17ba5966a78,33590bff-0ebc-481c-b5ec-94205e1a2863,8cede4b7-3856-4685-8e3d-000e33a30bd8
acff0f13-4804-46fe-8b58-b17ba5966a78,acff0f13-4804-46fe-8b58-b17ba5966a78,3a0ec52f-b027-4df2-ba49-703f5a2a6cb5,e327af4a-9059-485a-a79e-d93ddd1ab60b,9b170eba-d44d-43d1-a85c-73c58e48a7c5,419a65cd-aa45-4fcc-bc5d-71dbc3ee8b13
afc98898-57b2-4eaa-a6a4-71055dcb971c,afc98898-57b2-4eaa-a6a4-71055dcb971c,0e7ddbfb-96c0-4918-9ced-f16920e96611,466f931c-235b-4c01-bcbe-add87fcbc191,2c218a07-2784-4918-b01f-d66f9b9edcde,8a67ae4c-73a6-4221-afca-8fe1cb82d3cf
b4ead3a8-b3bc-4c7b-a9bb-28324f8f06e3,b4ead3a8-b3bc-4c7b-a9bb-28324f8f06e3,b5e9e3b2-712a-4799-a857-57420a2de9fc,93bec27b-edbf-4921-a137-007d4b95c566,1b956485-756f-4654-9996-3db976a03827,24d5687e-b176-4bfc-8ccc-001d44a564f4
b5e9e3b2-712a-4799-a857-57420a2de9fc,b5e9e3b2-712a-4799-a857-57420a2de9fc,b4ead3a8-b3bc-4c7b-a9bb-28324f8f06e3,863968f5-4be9-4b04-ac2c-2d4e78b65502,e3f49d5c-e57f-4704-a601-b30342ca7dcb,b48e5f89-2987-4989-8829-aa56d42757e6
bc37f2ad-2096-404e-807d-10cece49a9c8,bc37f2ad-2096-404e-807d-10cece49a9c8,3a0ec52f-b027-4df2-ba49-703f5a2a6cb5,a5afb076-1496-4e72-b67d-b95d855cf2f7,342f81e2-a101-4778-a20d-ce39fde93c1e,21876ecf-d2f3-4a91-9b94-562a32b6c588
d50a109f-4ca3-4472-80b1-99c995ad5b08,d50a109f-4ca3-4472-80b1-99c995ad5b08,a19f5d9e-7ec5-4f1c-86dc-00c2d0652ce7,1b956485-756f-4654-9996-3db976a03827,895d123c-f81e-459a-8455-f0b10638be8b,b0b9cc76-ec78-41c4-b79d-bd956c9e79a5
e16531fc-8569-4f4e-ba3a-79e62835fb76,e16531fc-8569-4f4e-ba3a-79e62835fb76,fd158405-d6cc-4fc2-95bc-94b0c65728da,d8dd79a7-0c79-4f52-8ecb-82766b88ae92,863968f5-4be9-4b04-ac2c-2d4e78b65502,81e33f3a-b581-4c39-b2b5-e2c48d26e79d
e3fe782d-0b12-48fa-b724-61a6c8c8ba57,e3fe782d-0b12-48fa-b724-61a6c8c8ba57,33590bff-0ebc-481c-b5ec-94205e1a2863,2a7ed371-148c-4c6c-9ec7-1f0ef6bf8e75,4d755fda-29f2-47ad-a0e9-21d3705e7e3e,cfced43f-6148-430d-b648-48d7295e87e5
e4ab3caf-29f6-4329-95e7-362c8a23e8e5,e4ab3caf-29f6-4329-95e7-362c8a23e8e5,3eb7272a-6b33-469f-bdee-73604627a0b8,21876ecf-d2f3-4a91-9b94-562a32b6c588,3c259eeb-d27c-40e6-91e9-1b1ad56e06ab,b27c3207-78f6-411b-9ee7-af8ac98b61db
e6021a26-ad98-47fd-a331-d639b5aff234,e6021a26-ad98-47fd-a331-d639b5aff234,32134c76-4332-4c20-a74b-02d8df3cf21f,93bec27b-edbf-4921-a137-007d4b95c566,21876ecf-d2f3-4a91-9b94-562a32b6c588,24d5687e-b176-4bfc-8ccc-001d44a564f4
e93c17ab-806a-4330-9ba6-8f2aacaa446b,e93c17ab-806a-4330-9ba6-8f2aacaa446b,fd158405-d6cc-4fc2-95bc-94b0c65728da,0766f469-7dda-40bc-9238-dc03cae39910,c93486cf-0a57-4d2b-b654-83309bbad1f3,2ca724da-6f47-491c-adb9-6f24cf728fac
ea2dd195-7d12-44bc-871e-5cda9f434faf,ea2dd195-7d12-44bc-871e-5cda9f434faf,93bec27b-edbf-4921-a137-007d4b95c566,b47ccbe7-088a-4a64-a995-16927eb8458b,0ea4b66b-873a-4faf-8e00-c55d200645d4,604a50d5-a2fb-4403-8171-c5a3619e4b7f
fd158405-d6cc-4fc2-95bc-94b0c65728da,fd158405-d6cc-4fc2-95bc-94b0c65728da,96c9d1ed-2797-4422-887f-24fe6d46b6b7,863968f5-4be9-4b04-ac2c-2d4e78b65502,21876ecf-d2f3-4a91-9b94-562a32b6c588,c66bf0f3-7b5f-48f8-a516-3579cb98c588
14e8fc5d-08ce-40fc-a25b-65cfffde88f9,14e8fc5d-08ce-40fc-a25b-65cfffde88f9,21876ecf-d2f3-4a91-9b94-562a32b6c588,807e314f-f823-43d5-8bc1-b7c6903161ab,3a0ec52f-b027-4df2-ba49-703f5a2a6cb5,81e33f3a-b581-4c39-b2b5-e2c48d26e79d
1fd9036c-8d62-4d3f-a418-ecb160e3eeb1,1fd9036c-8d62-4d3f-a418-ecb160e3eeb1,1a3dc557-ac59-4594-b0c0-fd23b2cb11e1,8859112f-c87b-4cca-98a8-d5fc07a214db,b4c24038-5906-4b51-ae00-131a97b4f1a5,225eee51-3673-4f91-8d60-4675e2d4803a
3852c68c-a28b-410e-aab2-603fed2c5585,3852c68c-a28b-410e-aab2-603fed2c5585,75bfb3f8-f1b0-4264-9de1-5ae8fa4a39b0,a5afb076-1496-4e72-b67d-b95d855cf2f7,15150151-4c1c-4306-80a5-cb0143f7efb9,a90aacbf-09fc-4716-b8b9-ebe5d7ba374f
3a0ec52f-b027-4df2-ba49-703f5a2a6cb5,3a0ec52f-b027-4df2-ba49-703f5a2a6cb5,51bf5fd8-dd2a-4708-aa9f-cf6abddf16ea,68bf0cae-8c34-4dca-9c40-85dbb7db1ad8,bc37f2ad-2096-404e-807d-10cece49a9c8,acff0f13-4804-46fe-8b58-b17ba5966a78
683da63a-d060-48ae-b153-b8f7a4b92aae,683da63a-d060-48ae-b153-b8f7a4b92aae,3daccd69-bfda-4971-a2b4-86cb29055a61,33590bff-0ebc-481c-b5ec-94205e1a2863,16c5bfa2-43d3-4849-b826-78ad874225b6,695f4a59-4455-41bc-920b-e8a47e7a22c3
6a4eaa87-5adb-4e3d-a523-3d58535f4450,6a4eaa87-5adb-4e3d-a523-3d58535f4450,3eb7272a-6b33-469f-bdee-73604627a0b8,5044d9b1-4620-4548-9aa9-4d4d0d3c0c9b,fa50f3cc-4b1c-4702-b106-139b6043d075,71f6b7ab-7764-4b06-825a-01e6138bd84e
807e314f-f823-43d5-8bc1-b7c6903161ab,807e314f-f823-43d5-8bc1-b7c6903161ab,68bf0cae-8c34-4dca-9c40-85dbb7db1ad8,14e8fc5d-08ce-40fc-a25b-65cfffde88f9,b9d8338b-adf4-4a88-a723-c8dafe905d74,ec0bcc88-3597-45f1-b7a7-191c5be683ab
934d3ff2-5da6-4505-945f-03643de0267f,934d3ff2-5da6-4505-945f-03643de0267f,6836d281-5e1a-4a8d-b00c-4c25642e3b2f,eaa86260-49a1-462d-befc-d8bf32a5f158,a90e4dfa-168c-413f-a436-5ef61d312d4c,7bf7f4f3-8942-43ac-9313-7a12586160a7
b09335d6-fe49-4e60-8733-a464c4665d29,b09335d6-fe49-4e60-8733-a464c4665d29,c2c36d11-e049-4530-bac3-c02aaa58310d,c06a6545-9aab-4dc6-af83-0a1f4e82eba6,5c7d073e-4163-4a80-9692-56d67af7e8ff,4b3397ab-cc16-4180-9a9a-14a177ab17b4
b27c3207-78f6-411b-9ee7-af8ac98b61db,b27c3207-78f6-411b-9ee7-af8ac98b61db,a4e7fbd4-a784-4ef7-baf0-d4391572ff08,895d123c-f81e-459a-8455-f0b10638be8b,934d3ff2-5da6-4505-945f-03643de0267f,def03c81-e811-4aaa-9204-3e5c62a2c58e
d8dd79a7-0c79-4f52-8ecb-82766b88ae92,d8dd79a7-0c79-4f52-8ecb-82766b88ae92,8b2b2109-9ada-49da-be2a-f7f2039e6c17,38cef6a7-8ccf-445e-b8fb-781159acad88,e3ed2056-e8bd-446b-b24c-7ad7d588b3e3,3874357e-d93e-4651-b17f-94ba7ed3ee66
e47698b7-089c-46ee-95ed-2ca9c554c0f3,e47698b7-089c-46ee-95ed-2ca9c554c0f3,1c459cec-beff-4cc4-91ab-a8db8c6a6c97,d0046177-b55b-4f71-abbe-327e1d5a7e4b,ca591eef-e808-4df8-9b56-110ed32e98cc,3c2d1009-2921-4809-9310-265185c2a559
e4903e67-03c1-44a9-85b3-86bf43e478f4,e4903e67-03c1-44a9-85b3-86bf43e478f4,92609cc4-9b23-4840-a786-e3b9cf2d1697,419a65cd-aa45-4fcc-bc5d-71dbc3ee8b13,9d10e50f-e9d5-4e3b-ab26-8e4e2c3557da,b0b9cc76-ec78-41c4-b79d-bd956c9e79a5
fed9b7c9-ef0c-413e-b028-ccf1e31b535f,fed9b7c9-ef0c-413e-b028-ccf1e31b535f,d0046177-b55b-4f71-abbe-327e1d5a7e4b,5e450f3d-41c9-48ec-897b-aeb9d25a9f65,7537a958-c7e7-4874-90b3-637587771610,fc996afb-d392-4472-a0f5-6193e3ba6171
072a8b2c-ed71-4855-9e00-ddfb8c96743c,072a8b2c-ed71-4855-9e00-ddfb8c96743c,ff83d2b7-15ac-4dd1-80a3-76080c1382db,843a392d-c245-466a-a5b1-ab225172ee32,6e560dfe-c341-4211-b709-be6a6c09c218,83f6e965-39ed-4573-9f78-815eab292d20
0c6fe53f-1766-406d-8573-24da8f74c540,0c6fe53f-1766-406d-8573-24da8f74c540,ee1480e2-348e-495e-833c-3f7a51399c21,daf84dee-46c7-478f-9e22-1cf450f75c1c,b8e77c2e-1b9c-4335-803b-8c0c70dfe84a,05f0b1af-899b-48a8-b2a3-32cd6c934914
0cd2f6c6-956a-4bfe-b9f1-b663a7ee0f48,0cd2f6c6-956a-4bfe-b9f1-b663a7ee0f48,c5422596-1968-46ee-98fa-4cde7c6de76b,0ece5498-5027-465a-9a6f-62c7eaa324eb,982642f1-6017-4932-90fe-88fd5e97940e,adbb2df3-846a-45c8-ad8a-6b697c39c2ca
0d14f4d5-3051-4fe8-9338-93f8f7dde185,0d14f4d5-3051-4fe8-9338-93f8f7dde185,cdb71577-536e-48d1-999d-069e1e9549f1,3fc142c2-2292-4326-933d-32664f1c9c19,3d866c06-b063-4804-8e54-a3a6f10017df,dc05136f-ebc4-423a-a794-aa5aa785dd2e
22d908b3-6d35-47ad-8898-19b1bb5c1be9,22d908b3-6d35-47ad-8898-19b1bb5c1be9,466f709b-674a-4b55-8190-370837ea46a8,c5422596-1968-46ee-98fa-4cde7c6de76b,46b13fc4-4764-43c3-b750-44517b7a426b,a007c012-9811-4809-982c-ed93e0844395
253f2c17-a826-4a93-bbb8-276e0f8b0465,253f2c17-a826-4a93-bbb8-276e0f8b0465,ff83d2b7-15ac-4dd1-80a3-76080c1382db,61bbaff9-eb5c-44c0-b7c5-834fe0e670ee,cfa7d5ad-0c6e-424e-9ef5-1f88c898098b,fe6a3f65-1489-48f4-a942-5da70be250af
26052e04-812f-46c8-b851-711b743c587d,26052e04-812f-46c8-b851-711b743c587d,7c621e98-7d8e-4cff-a421-76a7f9d18608,05f0b1af-899b-48a8-b2a3-32cd6c934914,8de0c406-e432-4957-afbe-e935122ad9a2,ff850dfd-3381-4e14-b5f1-3623f6457432
2767e4bf-5091-4ecc-848a-9a9e653135fa,2767e4bf-5091-4ecc-848a-9a9e653135fa,7d04d3b8-7e15-49b1-af45-1042b015cb33,268e71e7-2c9e-4e63-b0ea-bd52f23dfa7c,3d866c06-b063-4804-8e54-a3a6f10017df,0bfccba4-654c-4e6d-b8ad-cda39c007130
2f32a185-b07d-427d-974b-30bd099baa15,2f32a185-b07d-427d-974b-30bd099baa15,80fd70df-3914-4bf5-996d-0d24976504f1,49796931-ec76-47bc-97b5-3a9c02991a21,8c0dcf4d-9394-47cc-96be-07c4d84d065b,adbb2df3-846a-45c8-ad8a-6b697c39c2ca
379dfd17-5cd2-46fe-b504-4ce725c1dc35,379dfd17-5cd2-46fe-b504-4ce725c1dc35,982642f1-6017-4932-90fe-88fd5e97940e,897da6eb-3544-4642-b026-5bb93c108736,929188be-0b80-471a-baf3-94dc58b6c3c3,0ded71fe-f102-496f-9d2a-ada02129c1a6
40adb8a1-3cc9-4c6f-aa8a-4852ccee7c03,40adb8a1-3cc9-4c6f-aa8a-4852ccee7c03,c177e74b-a54d-41ff-b2da-b556d93f9781,4ba07a45-fc63-4116-8fc6-4c97e18d7791,78cb9147-77e8-49f8-9dd6-c0c612446a43,43acb1f7-51d4-47db-99fa-7a506f7bd429
412332b9-ee8a-42a3-906b-7e82a072b58f,412332b9-ee8a-42a3-906b-7e82a072b58f,54fc3c3d-3a87-4bf2-a286-b36b367d445b,ee1480e2-348e-495e-833c-3f7a51399c21,8c0dcf4d-9394-47cc-96be-07c4d84d065b,843a392d-c245-466a-a5b1-ab225172ee32
575d687b-187b-4a8e-9258-d5775332835d,575d687b-187b-4a8e-9258-d5775332835d,43acb1f7-51d4-47db-99fa-7a506f7bd429,e8ba7714-1b83-47ec-aea9-c6acbe3c1ad8,61bbaff9-eb5c-44c0-b7c5-834fe0e670ee,9d9b8649-42de-4a29-a684-63c721430fdf
620f6ec3-1450-47ac-8656-fe033a396b6e,620f6ec3-1450-47ac-8656-fe033a396b6e,fd76b141-a942-4250-958c-62094b32ee0d,2fb51b41-a7ff-4238-bab0-de82c904db56,ff850dfd-3381-4e14-b5f1-3623f6457432,9efdc22e-ff63-4bde-b848-66ab86235065
6e560dfe-c341-4211-b709-be6a6c09c218,6e560dfe-c341-4211-b709-be6a6c09c218,a007c012-9811-4809-982c-ed93e0844395,ff850dfd-3381-4e14-b5f1-3623f6457432,0ded71fe-f102-496f-9d2a-ada02129c1a6,8de0c406-e432-4957-afbe-e935122ad9a2
79795a90-a399-4f3c-9932-f9ae4e443e83,79795a90-a399-4f3c-9932-f9ae4e443e83,982642f1-6017-4932-90fe-88fd5e97940e,0b5da6b5-49a0-4a11-ac80-94362d1683e4,80fd70df-3914-4bf5-996d-0d24976504f1,78cb9147-77e8-49f8-9dd6-c0c612446a43
7ea38e21-558d-49c1-9293-2caccd21aaa6,7ea38e21-558d-49c1-9293-2caccd21aaa6,9d9b8649-42de-4a29-a684-63c721430fdf,a594f3c9-bebc-438a-8814-2c170998b042,211b0134-7d3e-4403-b9e3-0ba56d9322a1,0d587e2c-3679-4cbe-ac2d-50c1c5688848
843a392d-c245-466a-a5b1-ab225172ee32,843a392d-c245-466a-a5b1-ab225172ee32,80fd70df-3914-4bf5-996d-0d24976504f1,83f6e965-39ed-4573-9f78-815eab292d20,3fc142c2-2292-4326-933d-32664f1c9c19,b073235d-a3fb-4c88-bee0-f1ba87433e6e
8df47931-a944-4316-80ec-3ed56c91dbfe,8df47931-a944-4316-80ec-3ed56c91dbfe,97411f73-2a90-4a8a-82ca-fd9da253d4d3,ecbd19f1-cdf2-417d-84a9-8dd3c10ce140,605728c3-fe32-4f76-9955-11d7d14f2793,46de3b6b-f21c-4605-96bd-12ecdaa5fbf8
8eb47172-d2c3-4a7d-a6b7-d10dd53a4244,8eb47172-d2c3-4a7d-a6b7-d10dd53a4244,3fc142c2-2292-4326-933d-32664f1c9c19,e1769d33-592e-440c-97d0-b360bbea4e3b,83f6e965-39ed-4573-9f78-815eab292d20,843a392d-c245-466a-a5b1-ab225172ee32
adb0a978-19c2-4cda-ae6c-8cf9b39c54d5,adb0a978-19c2-4cda-ae6c-8cf9b39c54d5,94607bb7-4bf9-4305-bec5-868fc0382f12,cfc30659-15db-400b-be5f-5c47625d50c4,a594f3c9-bebc-438a-8814-2c170998b042,303252f0-eb55-49fe-b754-768545fbf3fe
b073235d-a3fb-4c88-bee0-f1ba87433e6e,b073235d-a3fb-4c88-bee0-f1ba87433e6e,b5327b3c-3107-42f4-839b-048461a4d4d1,843a392d-c245-466a-a5b1-ab225172ee32,dbd92772-0ed4-4d1c-9717-f9af2cf11107,303252f0-eb55-49fe-b754-768545fbf3fe
b115e0a4-eac4-4f8b-bfa1-91fb60640d95,b115e0a4-eac4-4f8b-bfa1-91fb60640d95,dbd92772-0ed4-4d1c-9717-f9af2cf11107,2fb51b41-a7ff-4238-bab0-de82c904db56,2ee84b3b-9c22-44a3-a8c0-7da97377a9f8,b8af2504-3553-4efb-b621-f87890a344cb
b5327b3c-3107-42f4-839b-048461a4d4d1,b5327b3c-3107-42f4-839b-048461a4d4d1,b073235d-a3fb-4c88-bee0-f1ba87433e6e,e8ba7714-1b83-47ec-aea9-c6acbe3c1ad8,ec4e4e5e-d56b-45c7-872a-efa63a58d3b7,deeccc08-3689-4565-b614-deabb3d0603d
b8457369-fa64-4f2a-8e04-5703f38326ce,b8457369-fa64-4f2a-8e04-5703f38326ce,40adb8a1-3cc9-4c6f-aa8a-4852ccee7c03,8df47931-a944-4316-80ec-3ed56c91dbfe,daf84dee-46c7-478f-9e22-1cf450f75c1c,466f709b-674a-4b55-8190-370837ea46a8
b8e77c2e-1b9c-4335-803b-8c0c70dfe84a,b8e77c2e-1b9c-4335-803b-8c0c70dfe84a,ff850dfd-3381-4e14-b5f1-3623f6457432,0bfccba4-654c-4e6d-b8ad-cda39c007130,ee1480e2-348e-495e-833c-3f7a51399c21,b8af2504-3553-4efb-b621-f87890a344cb
c0e0373a-2461-4bfc-becc-5bf387f45436,c0e0373a-2461-4bfc-becc-5bf387f45436,11a9c164-9877-42f2-a699-bc433a5fe901,fbdae368-4869-43ed-acbb-428577903101,4af98dbe-f586-4a74-8ea0-6e2ad766c02d,9a227848-f28d-4052-a4c5-135eec12aad8
ccb2cb31-7318-4186-80a9-ae105dd80cd4,ccb2cb31-7318-4186-80a9-ae105dd80cd4,c3cbfc48-fa36-42f6-8199-3277fb38e5bf,7b141df7-a305-4bcc-80e0-73f0f4f65898,a007c012-9811-4809-982c-ed93e0844395,46b13fc4-4764-43c3-b750-44517b7a426b
d1463040-9006-4d14-9afd-ed547a70eb23,d1463040-9006-4d14-9afd-ed547a70eb23,109c0633-82b7-4604-8e0c-97e3d96b8824,fd76b141-a942-4250-958c-62094b32ee0d,46b13fc4-4764-43c3-b750-44517b7a426b,0d587e2c-3679-4cbe-ac2d-50c1c5688848
d4f188f8-7970-4ef5-a18c-c2e4e54d9bf2,d4f188f8-7970-4ef5-a18c-c2e4e54d9bf2,0d587e2c-3679-4cbe-ac2d-50c1c5688848,83f086a3-e18d-456b-a976-10f596269ee8,79795a90-a399-4f3c-9932-f9ae4e443e83,211b0134-7d3e-4403-b9e3-0ba56d9322a1
da5c133c-1153-4f29-8d53-9b9a7ec45cdf,da5c133c-1153-4f29-8d53-9b9a7ec45cdf,813ea3c9-a58f-437c-b643-be15cff0ae03,3d866c06-b063-4804-8e54-a3a6f10017df,05f0b1af-899b-48a8-b2a3-32cd6c934914,1fd14183-a479-4d98-af76-9544f7c4e901
db484992-24df-4b92-b923-a056b1217fd3,db484992-24df-4b92-b923-a056b1217fd3,b400cbb0-ba14-4c16-8f71-faf4d06188c4,a594f3c9-bebc-438a-8814-2c170998b042,8eb47172-d2c3-4a7d-a6b7-d10dd53a4244,43acb1f7-51d4-47db-99fa-7a506f7bd429
e3fffd76-ef9d-453c-8b2d-d5b7873cbdb0,e3fffd76-ef9d-453c-8b2d-d5b7873cbdb0,1fd14183-a479-4d98-af76-9544f7c4e901,db484992-24df-4b92-b923-a056b1217fd3,9e8b5d3b-698b-438d-b4ba-87297f5dacef,fd76b141-a942-4250-958c-62094b32ee0d
ec4e4e5e-d56b-45c7-872a-efa63a58d3b7,ec4e4e5e-d56b-45c7-872a-efa63a58d3b7,deeccc08-3689-4565-b614-deabb3d0603d,b5327b3c-3107-42f4-839b-048461a4d4d1,b073235d-a3fb-4c88-bee0-f1ba87433e6e,0c3ab95f-d96a-418f-ade3-a2eb6fb65541
f5c47011-3418-466d-86b1-c329d32dc12b,f5c47011-3418-466d-86b1-c329d32dc12b,80fd70df-3914-4bf5-996d-0d24976504f1,8de0c406-e432-4957-afbe-e935122ad9a2,982642f1-6017-4932-90fe-88fd5e97940e,4646c983-a17f-4614-94c5-2d8120ca2370
f684f4c5-d5e6-4956-bbb7-b68f5d7c53fe,f684f4c5-d5e6-4956-bbb7-b68f5d7c53fe,843a392d-c245-466a-a5b1-ab225172ee32,f2a9f889-48ef-48d8-9c50-89c2b80e6f06,deeccc08-3689-4565-b614-deabb3d0603d,a3027373-bc79-415d-b2ac-869c6b37030e
fbdae368-4869-43ed-acbb-428577903101,fbdae368-4869-43ed-acbb-428577903101,fd76b141-a942-4250-958c-62094b32ee0d,0d587e2c-3679-4cbe-ac2d-50c1c5688848,008f696d-e9cf-4c34-b5af-92583c1f8cf6,1fd14183-a479-4d98-af76-9544f7c4e901
fd76b141-a942-4250-958c-62094b32ee0d,fd76b141-a942-4250-958c-62094b32ee0d,f2a9f889-48ef-48d8-9c50-89c2b80e6f06,620f6ec3-1450-47ac-8656-fe033a396b6e,fbdae368-4869-43ed-acbb-428577903101,7b141df7-a305-4bcc-80e0-73f0f4f65898
ff850dfd-3381-4e14-b5f1-3623f6457432,ff850dfd-3381-4e14-b5f1-3623f6457432,b8e77c2e-1b9c-4335-803b-8c0c70dfe84a,6e560dfe-c341-4211-b709-be6a6c09c218,620f6ec3-1450-47ac-8656-fe033a396b6e,109c0633-82b7-4604-8e0c-97e3d96b8824
008f696d-e9cf-4c34-b5af-92583c1f8cf6,008f696d-e9cf-4c34-b5af-92583c1f8cf6,fbdae368-4869-43ed-acbb-428577903101,4ba07a45-fc63-4116-8fc6-4c97e18d7791,35768a61-f94e-495c-b5c0-f208adca2356,adb0a978-19c2-4cda-ae6c-8cf9b39c54d5
07b32ad1-ac09-4625-b16a-c5d034fae253,07b32ad1-ac09-4625-b16a-c5d034fae253,268e71e7-2c9e-4e63-b0ea-bd52f23dfa7c,079e5c6f-511c-4c9c-805c-f11c4fd6f6ef,0ece9c20-5bad-47b0-9d5e-bd3975d5e5f6,3c259eeb-d27c-40e6-91e9-1b1ad56e06ab
0c3ab95f-d96a-418f-ade3-a2eb6fb65541,0c3ab95f-d96a-418f-ade3-a2eb6fb65541,78cb9147-77e8-49f8-9dd6-c0c612446a43,d8a6157f-8973-440f-8b00-e544b63c2cbf,9fc5f3ad-728f-462b-ab3b-bc2511e0e275,79795a90-a399-4f3c-9932-f9ae4e443e83
1d97fb36-1fb6-47a8-b42b-fcaf5fbc3b60,1d97fb36-1fb6-47a8-b42b-fcaf5fbc3b60,0b5da6b5-49a0-4a11-ac80-94362d1683e4,78cb9147-77e8-49f8-9dd6-c0c612446a43,755e9191-ef3d-4351-8d90-7b5dc29d6411,0ded71fe-f102-496f-9d2a-ada02129c1a6
303252f0-eb55-49fe-b754-768545fbf3fe,303252f0-eb55-49fe-b754-768545fbf3fe,dbd92772-0ed4-4d1c-9717-f9af2cf11107,a007c012-9811-4809-982c-ed93e0844395,07e0bad3-0c9f-4c87-89da-1c035e2e6eaf,0ded71fe-f102-496f-9d2a-ada02129c1a6
3e53d08b-11dd-44b5-a080-096575532347,3e53d08b-11dd-44b5-a080-096575532347,cfa7d5ad-0c6e-424e-9ef5-1f88c898098b,dd3bda46-15b2-4bca-8482-c9cc06e633de,46de3b6b-f21c-4605-96bd-12ecdaa5fbf8,7d04d3b8-7e15-49b1-af45-1042b015cb33
47a1024d-3fee-4dd4-80bb-49af82e1d239,47a1024d-3fee-4dd4-80bb-49af82e1d239,fdae9144-d71e-4de2-8b00-7424a2e316ef,94607bb7-4bf9-4305-bec5-868fc0382f12,cdb71577-536e-48d1-999d-069e1e9549f1,755e9191-ef3d-4351-8d90-7b5dc29d6411
4af98dbe-f586-4a74-8ea0-6e2ad766c02d,4af98dbe-f586-4a74-8ea0-6e2ad766c02d,6c1ece78-3e20-44d9-a59a-70a87b8b6b00,3543f107-0a23-4d11-a296-e5932cd9dac4,c0e0373a-2461-4bfc-becc-5bf387f45436,211b0134-7d3e-4403-b9e3-0ba56d9322a1
7e5456aa-2218-4068-ba59-2bbabdd3cbd2,7e5456aa-2218-4068-ba59-2bbabdd3cbd2,ff83d2b7-15ac-4dd1-80a3-76080c1382db,43acb1f7-51d4-47db-99fa-7a506f7bd429,0e1a3be0-eaea-4367-a506-11589ea5e0c7,620f6ec3-1450-47ac-8656-fe033a396b6e
83100206-acb4-43ad-a3c9-b4f25253cd2d,83100206-acb4-43ad-a3c9-b4f25253cd2d,46b13fc4-4764-43c3-b750-44517b7a426b,7c621e98-7d8e-4cff-a421-76a7f9d18608,9e8b5d3b-698b-438d-b4ba-87297f5dacef,a007c012-9811-4809-982c-ed93e0844395
9e8b5d3b-698b-438d-b4ba-87297f5dacef,9e8b5d3b-698b-438d-b4ba-87297f5dacef,9a227848-f28d-4052-a4c5-135eec12aad8,dbd92772-0ed4-4d1c-9717-f9af2cf11107,83100206-acb4-43ad-a3c9-b4f25253cd2d,268e71e7-2c9e-4e63-b0ea-bd52f23dfa7c
9fc5f3ad-728f-462b-ab3b-bc2511e0e275,9fc5f3ad-728f-462b-ab3b-bc2511e0e275,9d9b8649-42de-4a29-a684-63c721430fdf,0ece5498-5027-465a-9a6f-62c7eaa324eb,0c3ab95f-d96a-418f-ade3-a2eb6fb65541,05f0b1af-899b-48a8-b2a3-32cd6c934914
a48aee69-88cb-4f69-b699-b49a5c62208a,a48aee69-88cb-4f69-b699-b49a5c62208a,7b141df7-a305-4bcc-80e0-73f0f4f65898,0d587e2c-3679-4cbe-ac2d-50c1c5688848,bf7478e0-c7fa-477a-a2e0-ea3fffd4a12e,db6327cd-6b10-4b21-99ed-2af3201f9b98
a594f3c9-bebc-438a-8814-2c170998b042,a594f3c9-bebc-438a-8814-2c170998b042,94607bb7-4bf9-4305-bec5-868fc0382f12,7ea38e21-558d-49c1-9293-2caccd21aaa6,db484992-24df-4b92-b923-a056b1217fd3,9d9b8649-42de-4a29-a684-63c721430fdf
b07feaa0-ee49-47a0-975d-bb3ce2069b4c,b07feaa0-ee49-47a0-975d-bb3ce2069b4c,3d866c06-b063-4804-8e54-a3a6f10017df,0d587e2c-3679-4cbe-ac2d-50c1c5688848,05f0b1af-899b-48a8-b2a3-32cd6c934914,9d9b8649-42de-4a29-a684-63c721430fdf
db6327cd-6b10-4b21-99ed-2af3201f9b98,db6327cd-6b10-4b21-99ed-2af3201f9b98,a48aee69-88cb-4f69-b699-b49a5c62208a,43acb1f7-51d4-47db-99fa-7a506f7bd429,9d9b8649-42de-4a29-a684-63c721430fdf,0ece9c20-5bad-47b0-9d5e-bd3975d5e5f6
0b5da6b5-49a0-4a11-ac80-94362d1683e4,0b5da6b5-49a0-4a11-ac80-94362d1683e4,929188be-0b80-471a-baf3-94dc58b6c3c3,79795a90-a399-4f3c-9932-f9ae4e443e83,7c621e98-7d8e-4cff-a421-76a7f9d18608,1d97fb36-1fb6-47a8-b42b-fcaf5fbc3b60
0bfccba4-654c-4e6d-b8ad-cda39c007130,0bfccba4-654c-4e6d-b8ad-cda39c007130,7db6f2c3-0b4b-4620-824d-e7734b71074b,b8e77c2e-1b9c-4335-803b-8c0c70dfe84a,2767e4bf-5091-4ecc-848a-9a9e653135fa,843a392d-c245-466a-a5b1-ab225172ee32
0e276ebf-f467-42a1-99ff-9cada2787e17,0e276ebf-f467-42a1-99ff-9cada2787e17,ee1480e2-348e-495e-833c-3f7a51399c21,412332b9-ee8a-42a3-906b-7e82a072b58f,e1769d33-592e-440c-97d0-b360bbea4e3b,dc05136f-ebc4-423a-a794-aa5aa785dd2e
0ece9c20-5bad-47b0-9d5e-bd3975d5e5f6,0ece9c20-5bad-47b0-9d5e-bd3975d5e5f6,4646c983-a17f-4614-94c5-2d8120ca2370,4a401f76-06ed-45dd-9d04-87a7524a9983,77762ce7-4399-4f7d-a781-a0d25d39c4d0,9ca775f9-5501-4e90-8193-944f3c7958e7
83f6e965-39ed-4573-9f78-815eab292d20,83f6e965-39ed-4573-9f78-815eab292d20,0d587e2c-3679-4cbe-ac2d-50c1c5688848,05f0b1af-899b-48a8-b2a3-32cd6c934914,843a392d-c245-466a-a5b1-ab225172ee32,9d9b8649-42de-4a29-a684-63c721430fdf
8de0c406-e432-4957-afbe-e935122ad9a2,8de0c406-e432-4957-afbe-e935122ad9a2,4ba07a45-fc63-4116-8fc6-4c97e18d7791,97411f73-2a90-4a8a-82ca-fd9da253d4d3,7d04d3b8-7e15-49b1-af45-1042b015cb33,17cdddb4-a4cd-463a-b0ba-102e85c566f2
a6524ca3-3434-4a65-a2bf-609353857dc5,a6524ca3-3434-4a65-a2bf-609353857dc5,46de3b6b-f21c-4605-96bd-12ecdaa5fbf8,daf84dee-46c7-478f-9e22-1cf450f75c1c,ee1480e2-348e-495e-833c-3f7a51399c21,b8e77c2e-1b9c-4335-803b-8c0c70dfe84a
ee01b2f0-5d8f-404f-86bc-ba64a3496b2e,ee01b2f0-5d8f-404f-86bc-ba64a3496b2e,47a1024d-3fee-4dd4-80bb-49af82e1d239,78cb9147-77e8-49f8-9dd6-c0c612446a43,0c6fe53f-1766-406d-8573-24da8f74c540,cdb71577-536e-48d1-999d-069e1e9549f1
044c0f0b-27c5-4788-9aa2-ab9007839023,044c0f0b-27c5-4788-9aa2-ab9007839023,929188be-0b80-471a-baf3-94dc58b6c3c3,0b5da6b5-49a0-4a11-ac80-94362d1683e4,79795a90-a399-4f3c-9932-f9ae4e443e83,61bbaff9-eb5c-44c0-b7c5-834fe0e670ee
211b0134-7d3e-4403-b9e3-0ba56d9322a1,211b0134-7d3e-4403-b9e3-0ba56d9322a1,1614fde3-3150-4e50-8e70-ae47a46d8d9e,7ea38e21-558d-49c1-9293-2caccd21aaa6,c0a2cbf5-6e3c-456f-9868-5f0e329efa19,9d9b8649-42de-4a29-a684-63c721430fdf
3543f107-0a23-4d11-a296-e5932cd9dac4,3543f107-0a23-4d11-a296-e5932cd9dac4,3d866c06-b063-4804-8e54-a3a6f10017df,7d04d3b8-7e15-49b1-af45-1042b015cb33,9ca775f9-5501-4e90-8193-944f3c7958e7,6c1ece78-3e20-44d9-a59a-70a87b8b6b00
4ba07a45-fc63-4116-8fc6-4c97e18d7791,4ba07a45-fc63-4116-8fc6-4c97e18d7791,43acb1f7-51d4-47db-99fa-7a506f7bd429,8de0c406-e432-4957-afbe-e935122ad9a2,35768a61-f94e-495c-b5c0-f208adca2356,40adb8a1-3cc9-4c6f-aa8a-4852ccee7c03
54fc3c3d-3a87-4bf2-a286-b36b367d445b,54fc3c3d-3a87-4bf2-a286-b36b367d445b,412332b9-ee8a-42a3-906b-7e82a072b58f,2fb51b41-a7ff-4238-bab0-de82c904db56,2ee84b3b-9c22-44a3-a8c0-7da97377a9f8,198c68ca-2400-4e49-af7c-e59356f12767
605728c3-fe32-4f76-9955-11d7d14f2793,605728c3-fe32-4f76-9955-11d7d14f2793,bba296df-f8e9-4be0-bc33-4b4e4d13d4bd,8df47931-a944-4316-80ec-3ed56c91dbfe,a594f3c9-bebc-438a-8814-2c170998b042,a007c012-9811-4809-982c-ed93e0844395
755e9191-ef3d-4351-8d90-7b5dc29d6411,755e9191-ef3d-4351-8d90-7b5dc29d6411,0ded71fe-f102-496f-9d2a-ada02129c1a6,2ee84b3b-9c22-44a3-a8c0-7da97377a9f8,47a1024d-3fee-4dd4-80bb-49af82e1d239,cfa7d5ad-0c6e-424e-9ef5-1f88c898098b
929188be-0b80-471a-baf3-94dc58b6c3c3,929188be-0b80-471a-baf3-94dc58b6c3c3,0b5da6b5-49a0-4a11-ac80-94362d1683e4,044c0f0b-27c5-4788-9aa2-ab9007839023,379dfd17-5cd2-46fe-b504-4ce725c1dc35,7e2c8bd4-e3f6-4778-a001-bdfc852c24b8
bd131a8d-b2ac-453e-8fac-c39b4d548ddd,bd131a8d-b2ac-453e-8fac-c39b4d548ddd,a007c012-9811-4809-982c-ed93e0844395,ccb2cb31-7318-4186-80a9-ae105dd80cd4,f2a9f889-48ef-48d8-9c50-89c2b80e6f06,4646c983-a17f-4614-94c5-2d8120ca2370
cff08c0d-80c3-4fa1-98c1-df824e2a5aa8,cff08c0d-80c3-4fa1-98c1-df824e2a5aa8,dbd92772-0ed4-4d1c-9717-f9af2cf11107,813ea3c9-a58f-437c-b643-be15cff0ae03,47a1024d-3fee-4dd4-80bb-49af82e1d239,b8af2504-3553-4efb-b621-f87890a344cb
ecbd19f1-cdf2-417d-84a9-8dd3c10ce140,ecbd19f1-cdf2-417d-84a9-8dd3c10ce140,8df47931-a944-4316-80ec-3ed56c91dbfe,109c0633-82b7-4604-8e0c-97e3d96b8824,dd3bda46-15b2-4bca-8482-c9cc06e633de,ff83d2b7-15ac-4dd1-80a3-76080c1382db
fdae9144-d71e-4de2-8b00-7424a2e316ef,fdae9144-d71e-4de2-8b00-7424a2e316ef,47a1024d-3fee-4dd4-80bb-49af82e1d239,0ece9c20-5bad-47b0-9d5e-bd3975d5e5f6,bf7478e0-c7fa-477a-a2e0-ea3fffd4a12e,198c68ca-2400-4e49-af7c-e59356f12767
0589e923-760d-440e-a1b9-77440443e2bc,0589e923-760d-440e-a1b9-77440443e2bc,db7eb9cd-e21b-4135-a77b-df9c903bb111,5220d15c-ae5f-4903-b0d1-f9b5a5e9798e,a90e4dfa-168c-413f-a436-5ef61d312d4c,2901a3a8-2e37-430e-8479-5d2e04e4adf3
09e80ed3-c682-4b03-80ef-5cc689602bfd,09e80ed3-c682-4b03-80ef-5cc689602bfd,47ccb5bf-c767-4391-a56c-534ab8c367c5,24d5687e-b176-4bfc-8ccc-001d44a564f4,342f81e2-a101-4778-a20d-ce39fde93c1e,c66bf0f3-7b5f-48f8-a516-3579cb98c588
3ab40da8-7699-4dbd-b2f0-1c6652b460c5,3ab40da8-7699-4dbd-b2f0-1c6652b460c5,5f4bba0c-f7b8-44aa-859e-944d6b67efe6,8859112f-c87b-4cca-98a8-d5fc07a214db,c3cff43e-5d9f-4cde-8aae-f62a77d9e17a,67d19fef-d6c3-496b-b299-1dfd6e3c9538
4d755fda-29f2-47ad-a0e9-21d3705e7e3e,4d755fda-29f2-47ad-a0e9-21d3705e7e3e,615e8595-bb81-4ddd-9e85-c9ebade4890f,90647131-fb67-46a3-a478-e893d217c287,8a67ae4c-73a6-4221-afca-8fe1cb82d3cf,e3fe782d-0b12-48fa-b724-61a6c8c8ba57
695f4a59-4455-41bc-920b-e8a47e7a22c3,695f4a59-4455-41bc-920b-e8a47e7a22c3,33590bff-0ebc-481c-b5ec-94205e1a2863,5235df06-d630-4626-8724-4b8f83c98673,683da63a-d060-48ae-b153-b8f7a4b92aae,38cef6a7-8ccf-445e-b8fb-781159acad88
8b2b2109-9ada-49da-be2a-f7f2039e6c17,8b2b2109-9ada-49da-be2a-f7f2039e6c17,d8dd79a7-0c79-4f52-8ecb-82766b88ae92,0700dfbd-764e-4110-bfe9-d8eae0d8cd49,8859112f-c87b-4cca-98a8-d5fc07a214db,87aa6a3c-05a5-4924-9800-54e87531c1aa
a19f5d9e-7ec5-4f1c-86dc-00c2d0652ce7,a19f5d9e-7ec5-4f1c-86dc-00c2d0652ce7,d50a109f-4ca3-4472-80b1-99c995ad5b08,861f20bc-9049-45d1-abbf-ece9feb8c545,8a67ae4c-73a6-4221-afca-8fe1cb82d3cf,46a145e3-1141-4aa5-9f5a-1ce7badc83f2
b5c1257f-e666-4afb-931f-f66621db5d62,b5c1257f-e666-4afb-931f-f66621db5d62,77d9b252-a68e-4836-9aa0-a81307da39e5,ce2718bf-c5d1-438d-8cfd-823f1eb9a4eb,6f33a300-ba24-4f87-b314-76bf0ddb4f78,d0046177-b55b-4f71-abbe-327e1d5a7e4b
d0046177-b55b-4f71-abbe-327e1d5a7e4b,d0046177-b55b-4f71-abbe-327e1d5a7e4b,fed9b7c9-ef0c-413e-b028-ccf1e31b535f,5e0882b6-d099-4b8e-8de5-895c739f642e,1c459cec-beff-4cc4-91ab-a8db8c6a6c97,ec0bcc88-3597-45f1-b7a7-191c5be683ab
d1c7dddd-dd0e-459b-8e76-57f24b81c0ef,d1c7dddd-dd0e-459b-8e76-57f24b81c0ef,5e5e2d66-3c42-46fa-8271-1167aa54bfc7,3eb7272a-6b33-469f-bdee-73604627a0b8,23cf2977-b699-4f06-baea-b9b022181ef8,9e796714-005c-499d-927c-f0cddf8d5b40
d6f4cc24-c641-4b54-b31c-9b0bc423a211,d6f4cc24-c641-4b54-b31c-9b0bc423a211,f1c3786b-3ba1-42e7-8c1c-1ccf8009afc8,08e06f9b-1d5f-4126-b7c8-6cb346610d84,613b4fb1-35f4-40aa-a2bf-5d7d2e5e0f43,a90e4dfa-168c-413f-a436-5ef61d312d4c
e6c13a82-fc49-417e-8d69-d25098476f9e,e6c13a82-fc49-417e-8d69-d25098476f9e,68c1e6ba-29d7-4076-9a8a-675616269720,20a6256e-b129-4585-aeb5-ba0c6597b038,fd3acfcd-0102-4ab7-8bc8-298232b84f34,ad580a2e-1912-416f-aab4-5dc337321d9b
07e0bad3-0c9f-4c87-89da-1c035e2e6eaf,07e0bad3-0c9f-4c87-89da-1c035e2e6eaf,0ded71fe-f102-496f-9d2a-ada02129c1a6,303252f0-eb55-49fe-b754-768545fbf3fe,8de0c406-e432-4957-afbe-e935122ad9a2,fd76b141-a942-4250-958c-62094b32ee0d
0ded71fe-f102-496f-9d2a-ada02129c1a6,0ded71fe-f102-496f-9d2a-ada02129c1a6,07e0bad3-0c9f-4c87-89da-1c035e2e6eaf,a007c012-9811-4809-982c-ed93e0844395,755e9191-ef3d-4351-8d90-7b5dc29d6411,8c0dcf4d-9394-47cc-96be-07c4d84d065b
0e1a3be0-eaea-4367-a506-11589ea5e0c7,0e1a3be0-eaea-4367-a506-11589ea5e0c7,7e5456aa-2218-4068-ba59-2bbabdd3cbd2,c3cbfc48-fa36-42f6-8199-3277fb38e5bf,a007c012-9811-4809-982c-ed93e0844395,982642f1-6017-4932-90fe-88fd5e97940e
0ece5498-5027-465a-9a6f-62c7eaa324eb,0ece5498-5027-465a-9a6f-62c7eaa324eb,9fc5f3ad-728f-462b-ab3b-bc2511e0e275,daf84dee-46c7-478f-9e22-1cf450f75c1c,05f0b1af-899b-48a8-b2a3-32cd6c934914,0cd2f6c6-956a-4bfe-b9f1-b663a7ee0f48
1f0e0184-5f25-446e-837b-cd9ea4dc648e,1f0e0184-5f25-446e-837b-cd9ea4dc648e,46de3b6b-f21c-4605-96bd-12ecdaa5fbf8,4646c983-a17f-4614-94c5-2d8120ca2370,466f709b-674a-4b55-8190-370837ea46a8,40adb8a1-3cc9-4c6f-aa8a-4852ccee7c03
1fd14183-a479-4d98-af76-9544f7c4e901,1fd14183-a479-4d98-af76-9544f7c4e901,268e71e7-2c9e-4e63-b0ea-bd52f23dfa7c,cdb71577-536e-48d1-999d-069e1e9549f1,bba296df-f8e9-4be0-bc33-4b4e4d13d4bd,198c68ca-2400-4e49-af7c-e59356f12767
2fb51b41-a7ff-4238-bab0-de82c904db56,2fb51b41-a7ff-4238-bab0-de82c904db56,54fc3c3d-3a87-4bf2-a286-b36b367d445b,620f6ec3-1450-47ac-8656-fe033a396b6e,c0a2cbf5-6e3c-456f-9868-5f0e329efa19,11a9c164-9877-42f2-a699-bc433a5fe901
43acb1f7-51d4-47db-99fa-7a506f7bd429,43acb1f7-51d4-47db-99fa-7a506f7bd429,4ba07a45-fc63-4116-8fc6-4c97e18d7791,4a401f76-06ed-45dd-9d04-87a7524a9983,8c0dcf4d-9394-47cc-96be-07c4d84d065b,466f709b-674a-4b55-8190-370837ea46a8
4646c983-a17f-4614-94c5-2d8120ca2370,4646c983-a17f-4614-94c5-2d8120ca2370,0ece9c20-5bad-47b0-9d5e-bd3975d5e5f6,3fc142c2-2292-4326-933d-32664f1c9c19,4a401f76-06ed-45dd-9d04-87a7524a9983,1f0e0184-5f25-446e-837b-cd9ea4dc648e
466f709b-674a-4b55-8190-370837ea46a8,466f709b-674a-4b55-8190-370837ea46a8,7b141df7-a305-4bcc-80e0-73f0f4f65898,bba296df-f8e9-4be0-bc33-4b4e4d13d4bd,43acb1f7-51d4-47db-99fa-7a506f7bd429,22d908b3-6d35-47ad-8898-19b1bb5c1be9
46de3b6b-f21c-4605-96bd-12ecdaa5fbf8,46de3b6b-f21c-4605-96bd-12ecdaa5fbf8,1f0e0184-5f25-446e-837b-cd9ea4dc648e,a6524ca3-3434-4a65-a2bf-609353857dc5,97411f73-2a90-4a8a-82ca-fd9da253d4d3,8df47931-a944-4316-80ec-3ed56c91dbfe
4a401f76-06ed-45dd-9d04-87a7524a9983,4a401f76-06ed-45dd-9d04-87a7524a9983,43acb1f7-51d4-47db-99fa-7a506f7bd429,0ece9c20-5bad-47b0-9d5e-bd3975d5e5f6,4646c983-a17f-4614-94c5-2d8120ca2370,05f0b1af-899b-48a8-b2a3-32cd6c934914
54cc6452-43f9-4679-982f-09084aa7ff5f,54cc6452-43f9-4679-982f-09084aa7ff5f,79795a90-a399-4f3c-9932-f9ae4e443e83,a007c012-9811-4809-982c-ed93e0844395,78cb9147-77e8-49f8-9dd6-c0c612446a43,9efdc22e-ff63-4bde-b848-66ab86235065
61bbaff9-eb5c-44c0-b7c5-834fe0e670ee,61bbaff9-eb5c-44c0-b7c5-834fe0e670ee,7c621e98-7d8e-4cff-a421-76a7f9d18608,253f2c17-a826-4a93-bbb8-276e0f8b0465,3d61d403-f07c-4e9d-bcfe-b04058b55672,7e2c8bd4-e3f6-4778-a001-bdfc852c24b8
76200c84-5750-4e29-939c-9eeb96b165ca,76200c84-5750-4e29-939c-9eeb96b165ca,dc05136f-ebc4-423a-a794-aa5aa785dd2e,7c621e98-7d8e-4cff-a421-76a7f9d18608,ee1480e2-348e-495e-833c-3f7a51399c21,0d587e2c-3679-4cbe-ac2d-50c1c5688848
7c621e98-7d8e-4cff-a421-76a7f9d18608,7c621e98-7d8e-4cff-a421-76a7f9d18608,61bbaff9-eb5c-44c0-b7c5-834fe0e670ee,466f709b-674a-4b55-8190-370837ea46a8,83100206-acb4-43ad-a3c9-b4f25253cd2d,0b5da6b5-49a0-4a11-ac80-94362d1683e4
7db6f2c3-0b4b-4620-824d-e7734b71074b,7db6f2c3-0b4b-4620-824d-e7734b71074b,0bfccba4-654c-4e6d-b8ad-cda39c007130,7c621e98-7d8e-4cff-a421-76a7f9d18608,83f6e965-39ed-4573-9f78-815eab292d20,b07feaa0-ee49-47a0-975d-bb3ce2069b4c
7e2c8bd4-e3f6-4778-a001-bdfc852c24b8,7e2c8bd4-e3f6-4778-a001-bdfc852c24b8,b8af2504-3553-4efb-b621-f87890a344cb,fe6a3f65-1489-48f4-a942-5da70be250af,61bbaff9-eb5c-44c0-b7c5-834fe0e670ee,7c621e98-7d8e-4cff-a421-76a7f9d18608
80fd70df-3914-4bf5-996d-0d24976504f1,80fd70df-3914-4bf5-996d-0d24976504f1,cdb71577-536e-48d1-999d-069e1e9549f1,843a392d-c245-466a-a5b1-ab225172ee32,982642f1-6017-4932-90fe-88fd5e97940e,79795a90-a399-4f3c-9932-f9ae4e443e83
813ea3c9-a58f-437c-b643-be15cff0ae03,813ea3c9-a58f-437c-b643-be15cff0ae03,da5c133c-1153-4f29-8d53-9b9a7ec45cdf,c5422596-1968-46ee-98fa-4cde7c6de76b,0588b81d-cfa1-4c30-950f-ca5c5bda71ff,2ee84b3b-9c22-44a3-a8c0-7da97377a9f8
94607bb7-4bf9-4305-bec5-868fc0382f12,94607bb7-4bf9-4305-bec5-868fc0382f12,a594f3c9-bebc-438a-8814-2c170998b042,897da6eb-3544-4642-b026-5bb93c108736,adb0a978-19c2-4cda-ae6c-8cf9b39c54d5,47a1024d-3fee-4dd4-80bb-49af82e1d239
9a227848-f28d-4052-a4c5-135eec12aad8,9a227848-f28d-4052-a4c5-135eec12aad8,9e8b5d3b-698b-438d-b4ba-87297f5dacef,3fc142c2-2292-4326-933d-32664f1c9c19,1fd14183-a479-4d98-af76-9544f7c4e901,0d587e2c-3679-4cbe-ac2d-50c1c5688848
a3dbeb5e-31b7-4cdc-8607-c52c472a6ed6,a3dbeb5e-31b7-4cdc-8607-c52c472a6ed6,40adb8a1-3cc9-4c6f-aa8a-4852ccee7c03,b5327b3c-3107-42f4-839b-048461a4d4d1,7ea38e21-558d-49c1-9293-2caccd21aaa6,211b0134-7d3e-4403-b9e3-0ba56d9322a1
adbb2df3-846a-45c8-ad8a-6b697c39c2ca,adbb2df3-846a-45c8-ad8a-6b697c39c2ca,198c68ca-2400-4e49-af7c-e59356f12767,deeccc08-3689-4565-b614-deabb3d0603d,77762ce7-4399-4f7d-a781-a0d25d39c4d0,1fd14183-a479-4d98-af76-9544f7c4e901
b400cbb0-ba14-4c16-8f71-faf4d06188c4,b400cbb0-ba14-4c16-8f71-faf4d06188c4,198c68ca-2400-4e49-af7c-e59356f12767,3d866c06-b063-4804-8e54-a3a6f10017df,db484992-24df-4b92-b923-a056b1217fd3,9ca775f9-5501-4e90-8193-944f3c7958e7
bf7478e0-c7fa-477a-a2e0-ea3fffd4a12e,bf7478e0-c7fa-477a-a2e0-ea3fffd4a12e,a48aee69-88cb-4f69-b699-b49a5c62208a,0ece9c20-5bad-47b0-9d5e-bd3975d5e5f6,7b141df7-a305-4bcc-80e0-73f0f4f65898,deeccc08-3689-4565-b614-deabb3d0603d
c3cbfc48-fa36-42f6-8199-3277fb38e5bf,c3cbfc48-fa36-42f6-8199-3277fb38e5bf,ccb2cb31-7318-4186-80a9-ae105dd80cd4,46b13fc4-4764-43c3-b750-44517b7a426b,109c0633-82b7-4604-8e0c-97e3d96b8824,83f6e965-39ed-4573-9f78-815eab292d20
cdb71577-536e-48d1-999d-069e1e9549f1,cdb71577-536e-48d1-999d-069e1e9549f1,80fd70df-3914-4bf5-996d-0d24976504f1,1fd14183-a479-4d98-af76-9544f7c4e901,47a1024d-3fee-4dd4-80bb-49af82e1d239,0ece9c20-5bad-47b0-9d5e-bd3975d5e5f6
dabe8eb3-8388-4a90-aeae-e910a3d45629,dabe8eb3-8388-4a90-aeae-e910a3d45629,dc05136f-ebc4-423a-a794-aa5aa785dd2e,d8fcf3c3-fdb7-40c7-a49b-c5476f9d20c5,2ee84b3b-9c22-44a3-a8c0-7da97377a9f8,b115e0a4-eac4-4f8b-bfa1-91fb60640d95
dbd92772-0ed4-4d1c-9717-f9af2cf11107,dbd92772-0ed4-4d1c-9717-f9af2cf11107,9e8b5d3b-698b-438d-b4ba-87297f5dacef,303252f0-eb55-49fe-b754-768545fbf3fe,b8af2504-3553-4efb-b621-f87890a344cb,b115e0a4-eac4-4f8b-bfa1-91fb60640d95
ee1480e2-348e-495e-833c-3f7a51399c21,ee1480e2-348e-495e-833c-3f7a51399c21,412332b9-ee8a-42a3-906b-7e82a072b58f,4646c983-a17f-4614-94c5-2d8120ca2370,b8e77c2e-1b9c-4335-803b-8c0c70dfe84a,0e1a3be0-eaea-4367-a506-11589ea5e0c7
fe6a3f65-1489-48f4-a942-5da70be250af,fe6a3f65-1489-48f4-a942-5da70be250af,0d587e2c-3679-4cbe-ac2d-50c1c5688848,7e2c8bd4-e3f6-4778-a001-bdfc852c24b8,253f2c17-a826-4a93-bbb8-276e0f8b0465,83f086a3-e18d-456b-a976-10f596269ee8
ff83d2b7-15ac-4dd1-80a3-76080c1382db,ff83d2b7-15ac-4dd1-80a3-76080c1382db,7e5456aa-2218-4068-ba59-2bbabdd3cbd2,253f2c17-a826-4a93-bbb8-276e0f8b0465,268e71e7-2c9e-4e63-b0ea-bd52f23dfa7c,109c0633-82b7-4604-8e0c-97e3d96b8824
17cdddb4-a4cd-463a-b0ba-102e85c566f2,17cdddb4-a4cd-463a-b0ba-102e85c566f2,8de0c406-e432-4957-afbe-e935122ad9a2,9fc5f3ad-728f-462b-ab3b-bc2511e0e275,80fd70df-3914-4bf5-996d-0d24976504f1,fe6a3f65-1489-48f4-a942-5da70be250af
216df4fd-994c-46d4-bc18-508fa3fa1b56,216df4fd-994c-46d4-bc18-508fa3fa1b56,77762ce7-4399-4f7d-a781-a0d25d39c4d0,61bbaff9-eb5c-44c0-b7c5-834fe0e670ee,adbb2df3-846a-45c8-ad8a-6b697c39c2ca,22d908b3-6d35-47ad-8898-19b1bb5c1be9
3d866c06-b063-4804-8e54-a3a6f10017df,3d866c06-b063-4804-8e54-a3a6f10017df,9ca775f9-5501-4e90-8193-944f3c7958e7,3543f107-0a23-4d11-a296-e5932cd9dac4,b400cbb0-ba14-4c16-8f71-faf4d06188c4,b07feaa0-ee49-47a0-975d-bb3ce2069b4c
97411f73-2a90-4a8a-82ca-fd9da253d4d3,97411f73-2a90-4a8a-82ca-fd9da253d4d3,8de0c406-e432-4957-afbe-e935122ad9a2,8df47931-a944-4316-80ec-3ed56c91dbfe,6c1ece78-3e20-44d9-a59a-70a87b8b6b00,2767e4bf-5091-4ecc-848a-9a9e653135fa
a007c012-9811-4809-982c-ed93e0844395,a007c012-9811-4809-982c-ed93e0844395,46b13fc4-4764-43c3-b750-44517b7a426b,0ded71fe-f102-496f-9d2a-ada02129c1a6,d8fcf3c3-fdb7-40c7-a49b-c5476f9d20c5,6e560dfe-c341-4211-b709-be6a6c09c218
d8fcf3c3-fdb7-40c7-a49b-c5476f9d20c5,d8fcf3c3-fdb7-40c7-a49b-c5476f9d20c5,a007c012-9811-4809-982c-ed93e0844395,7b141df7-a305-4bcc-80e0-73f0f4f65898,dc05136f-ebc4-423a-a794-aa5aa785dd2e,466f709b-674a-4b55-8190-370837ea46a8
daf84dee-46c7-478f-9e22-1cf450f75c1c,daf84dee-46c7-478f-9e22-1cf450f75c1c,a6524ca3-3434-4a65-a2bf-609353857dc5,0ece5498-5027-465a-9a6f-62c7eaa324eb,05f0b1af-899b-48a8-b2a3-32cd6c934914,0452fdb9-d8c6-41be-934c-f84db1a73532
dd3bda46-15b2-4bca-8482-c9cc06e633de,dd3bda46-15b2-4bca-8482-c9cc06e633de,47a1024d-3fee-4dd4-80bb-49af82e1d239,897da6eb-3544-4642-b026-5bb93c108736,ecbd19f1-cdf2-417d-84a9-8dd3c10ce140,7db6f2c3-0b4b-4620-824d-e7734b71074b
f2a9f889-48ef-48d8-9c50-89c2b80e6f06,f2a9f889-48ef-48d8-9c50-89c2b80e6f06,fd76b141-a942-4250-958c-62094b32ee0d,78cb9147-77e8-49f8-9dd6-c0c612446a43,843a392d-c245-466a-a5b1-ab225172ee32,7d04d3b8-7e15-49b1-af45-1042b015cb33
0588b81d-cfa1-4c30-950f-ca5c5bda71ff,0588b81d-cfa1-4c30-950f-ca5c5bda71ff,c5422596-1968-46ee-98fa-4cde7c6de76b,813ea3c9-a58f-437c-b643-be15cff0ae03,fd76b141-a942-4250-958c-62094b32ee0d,620f6ec3-1450-47ac-8656-fe033a396b6e
1614fde3-3150-4e50-8e70-ae47a46d8d9e,1614fde3-3150-4e50-8e70-ae47a46d8d9e,211b0134-7d3e-4403-b9e3-0ba56d9322a1,303252f0-eb55-49fe-b754-768545fbf3fe,0ded71fe-f102-496f-9d2a-ada02129c1a6,a594f3c9-bebc-438a-8814-2c170998b042
2ee84b3b-9c22-44a3-a8c0-7da97377a9f8,2ee84b3b-9c22-44a3-a8c0-7da97377a9f8,755e9191-ef3d-4351-8d90-7b5dc29d6411,83f6e965-39ed-4573-9f78-815eab292d20,897da6eb-3544-4642-b026-5bb93c108736,0c3ab95f-d96a-418f-ade3-a2eb6fb65541
35768a61-f94e-495c-b5c0-f208adca2356,35768a61-f94e-495c-b5c0-f208adca2356,4ba07a45-fc63-4116-8fc6-4c97e18d7791,9d9b8649-42de-4a29-a684-63c721430fdf,843a392d-c245-466a-a5b1-ab225172ee32,3d866c06-b063-4804-8e54-a3a6f10017df
3d61d403-f07c-4e9d-bcfe-b04058b55672,3d61d403-f07c-4e9d-bcfe-b04058b55672,61bbaff9-eb5c-44c0-b7c5-834fe0e670ee,7b141df7-a305-4bcc-80e0-73f0f4f65898,0ded71fe-f102-496f-9d2a-ada02129c1a6,bba296df-f8e9-4be0-bc33-4b4e4d13d4bd
3fc142c2-2292-4326-933d-32664f1c9c19,3fc142c2-2292-4326-933d-32664f1c9c19,8eb47172-d2c3-4a7d-a6b7-d10dd53a4244,0d587e2c-3679-4cbe-ac2d-50c1c5688848,4646c983-a17f-4614-94c5-2d8120ca2370,843a392d-c245-466a-a5b1-ab225172ee32
6c1ece78-3e20-44d9-a59a-70a87b8b6b00,6c1ece78-3e20-44d9-a59a-70a87b8b6b00,198c68ca-2400-4e49-af7c-e59356f12767,97411f73-2a90-4a8a-82ca-fd9da253d4d3,d8a6157f-8973-440f-8b00-e544b63c2cbf,412332b9-ee8a-42a3-906b-7e82a072b58f
7d04d3b8-7e15-49b1-af45-1042b015cb33,7d04d3b8-7e15-49b1-af45-1042b015cb33,2767e4bf-5091-4ecc-848a-9a9e653135fa,3543f107-0a23-4d11-a296-e5932cd9dac4,8de0c406-e432-4957-afbe-e935122ad9a2,4646c983-a17f-4614-94c5-2d8120ca2370
bba296df-f8e9-4be0-bc33-4b4e4d13d4bd,bba296df-f8e9-4be0-bc33-4b4e4d13d4bd,466f709b-674a-4b55-8190-370837ea46a8,1fd14183-a479-4d98-af76-9544f7c4e901,605728c3-fe32-4f76-9955-11d7d14f2793,0e1a3be0-eaea-4367-a506-11589ea5e0c7
cfa7d5ad-0c6e-424e-9ef5-1f88c898098b,cfa7d5ad-0c6e-424e-9ef5-1f88c898098b,253f2c17-a826-4a93-bbb8-276e0f8b0465,46b13fc4-4764-43c3-b750-44517b7a426b,94607bb7-4bf9-4305-bec5-868fc0382f12,fe6a3f65-1489-48f4-a942-5da70be250af
d8a6157f-8973-440f-8b00-e544b63c2cbf,d8a6157f-8973-440f-8b00-e544b63c2cbf,7b141df7-a305-4bcc-80e0-73f0f4f65898,0c3ab95f-d96a-418f-ade3-a2eb6fb65541,6c1ece78-3e20-44d9-a59a-70a87b8b6b00,8de0c406-e432-4957-afbe-e935122ad9a2
dc05136f-ebc4-423a-a794-aa5aa785dd2e,dc05136f-ebc4-423a-a794-aa5aa785dd2e,1ab6ab28-3c20-4c0e-b11c-65e24d007580,8c0dcf4d-9394-47cc-96be-07c4d84d065b,76200c84-5750-4e29-939c-9eeb96b165ca,d8fcf3c3-fdb7-40c7-a49b-c5476f9d20c5
deeccc08-3689-4565-b614-deabb3d0603d,deeccc08-3689-4565-b614-deabb3d0603d,ec4e4e5e-d56b-45c7-872a-efa63a58d3b7,adbb2df3-846a-45c8-ad8a-6b697c39c2ca,079e5c6f-511c-4c9c-805c-f11c4fd6f6ef,b5327b3c-3107-42f4-839b-048461a4d4d1
05f0b1af-899b-48a8-b2a3-32cd6c934914,05f0b1af-899b-48a8-b2a3-32cd6c934914,0d587e2c-3679-4cbe-ac2d-50c1c5688848,83f6e965-39ed-4573-9f78-815eab292d20,b07feaa0-ee49-47a0-975d-bb3ce2069b4c,9fc5f3ad-728f-462b-ab3b-bc2511e0e275
268e71e7-2c9e-4e63-b0ea-bd52f23dfa7c,268e71e7-2c9e-4e63-b0ea-bd52f23dfa7c,07b32ad1-ac09-4625-b16a-c5d034fae253,1fd14183-a479-4d98-af76-9544f7c4e901,2767e4bf-5091-4ecc-848a-9a9e653135fa,ff83d2b7-15ac-4dd1-80a3-76080c1382db
3c259eeb-d27c-40e6-91e9-1b1ad56e06ab,3c259eeb-d27c-40e6-91e9-1b1ad56e06ab,0ece5498-5027-465a-9a6f-62c7eaa324eb,07b32ad1-ac09-4625-b16a-c5d034fae253,17cdddb4-a4cd-463a-b0ba-102e85c566f2,83f086a3-e18d-456b-a976-10f596269ee8
49796931-ec76-47bc-97b5-3a9c02991a21,49796931-ec76-47bc-97b5-3a9c02991a21,a007c012-9811-4809-982c-ed93e0844395,2f32a185-b07d-427d-974b-30bd099baa15,303252f0-eb55-49fe-b754-768545fbf3fe,adbb2df3-846a-45c8-ad8a-6b697c39c2ca
7b141df7-a305-4bcc-80e0-73f0f4f65898,7b141df7-a305-4bcc-80e0-73f0f4f65898,a48aee69-88cb-4f69-b699-b49a5c62208a,d8a6157f-8973-440f-8b00-e544b63c2cbf,466f709b-674a-4b55-8190-370837ea46a8,ccb2cb31-7318-4186-80a9-ae105dd80cd4
83524aed-c67b-4f12-9ca4-fd5c9542a159,83524aed-c67b-4f12-9ca4-fd5c9542a159,a594f3c9-bebc-438a-8814-2c170998b042,40adb8a1-3cc9-4c6f-aa8a-4852ccee7c03,0ece9c20-5bad-47b0-9d5e-bd3975d5e5f6,ec4e4e5e-d56b-45c7-872a-efa63a58d3b7
b8af2504-3553-4efb-b621-f87890a344cb,b8af2504-3553-4efb-b621-f87890a344cb,7e2c8bd4-e3f6-4778-a001-bdfc852c24b8,dbd92772-0ed4-4d1c-9717-f9af2cf11107,109c0633-82b7-4604-8e0c-97e3d96b8824,b8e77c2e-1b9c-4335-803b-8c0c70dfe84a
c177e74b-a54d-41ff-b2da-b556d93f9781,c177e74b-a54d-41ff-b2da-b556d93f9781,40adb8a1-3cc9-4c6f-aa8a-4852ccee7c03,47a1024d-3fee-4dd4-80bb-49af82e1d239,fdae9144-d71e-4de2-8b00-7424a2e316ef,982642f1-6017-4932-90fe-88fd5e97940e
0452fdb9-d8c6-41be-934c-f84db1a73532,0452fdb9-d8c6-41be-934c-f84db1a73532,daf84dee-46c7-478f-9e22-1cf450f75c1c,253f2c17-a826-4a93-bbb8-276e0f8b0465,ee1480e2-348e-495e-833c-3f7a51399c21,fd76b141-a942-4250-958c-62094b32ee0d
0d587e2c-3679-4cbe-ac2d-50c1c5688848,0d587e2c-3679-4cbe-ac2d-50c1c5688848,9d9b8649-42de-4a29-a684-63c721430fdf,83f6e965-39ed-4573-9f78-815eab292d20,05f0b1af-899b-48a8-b2a3-32cd6c934914,fe6a3f65-1489-48f4-a942-5da70be250af
109c0633-82b7-4604-8e0c-97e3d96b8824,109c0633-82b7-4604-8e0c-97e3d96b8824,c3cbfc48-fa36-42f6-8199-3277fb38e5bf,d1463040-9006-4d14-9afd-ed547a70eb23,ff850dfd-3381-4e14-b5f1-3623f6457432,ff83d2b7-15ac-4dd1-80a3-76080c1382db
198c68ca-2400-4e49-af7c-e59356f12767,198c68ca-2400-4e49-af7c-e59356f12767,b400cbb0-ba14-4c16-8f71-faf4d06188c4,adbb2df3-846a-45c8-ad8a-6b697c39c2ca,6c1ece78-3e20-44d9-a59a-70a87b8b6b00,1fd14183-a479-4d98-af76-9544f7c4e901
2eead373-ba6e-4b30-b413-3fd7b7dff093,2eead373-ba6e-4b30-b413-3fd7b7dff093,843a392d-c245-466a-a5b1-ab225172ee32,3fc142c2-2292-4326-933d-32664f1c9c19,0ded71fe-f102-496f-9d2a-ada02129c1a6,303252f0-eb55-49fe-b754-768545fbf3fe
77762ce7-4399-4f7d-a781-a0d25d39c4d0,77762ce7-4399-4f7d-a781-a0d25d39c4d0,adbb2df3-846a-45c8-ad8a-6b697c39c2ca,0ece9c20-5bad-47b0-9d5e-bd3975d5e5f6,216df4fd-994c-46d4-bc18-508fa3fa1b56,9fc5f3ad-728f-462b-ab3b-bc2511e0e275
83f086a3-e18d-456b-a976-10f596269ee8,83f086a3-e18d-456b-a976-10f596269ee8,0d587e2c-3679-4cbe-ac2d-50c1c5688848,61bbaff9-eb5c-44c0-b7c5-834fe0e670ee,fe6a3f65-1489-48f4-a942-5da70be250af,d4f188f8-7970-4ef5-a18c-c2e4e54d9bf2
8c0dcf4d-9394-47cc-96be-07c4d84d065b,8c0dcf4d-9394-47cc-96be-07c4d84d065b,43acb1f7-51d4-47db-99fa-7a506f7bd429,0ded71fe-f102-496f-9d2a-ada02129c1a6,dc05136f-ebc4-423a-a794-aa5aa785dd2e,412332b9-ee8a-42a3-906b-7e82a072b58f
982642f1-6017-4932-90fe-88fd5e97940e,982642f1-6017-4932-90fe-88fd5e97940e,79795a90-a399-4f3c-9932-f9ae4e443e83,80fd70df-3914-4bf5-996d-0d24976504f1,379dfd17-5cd2-46fe-b504-4ce725c1dc35,40adb8a1-3cc9-4c6f-aa8a-4852ccee7c03
9ca775f9-5501-4e90-8193-944f3c7958e7,9ca775f9-5501-4e90-8193-944f3c7958e7,3d866c06-b063-4804-8e54-a3a6f10017df,0ece9c20-5bad-47b0-9d5e-bd3975d5e5f6,b400cbb0-ba14-4c16-8f71-faf4d06188c4,3543f107-0a23-4d11-a296-e5932cd9dac4
c5422596-1968-46ee-98fa-4cde7c6de76b,c5422596-1968-46ee-98fa-4cde7c6de76b,813ea3c9-a58f-437c-b643-be15cff0ae03,22d908b3-6d35-47ad-8898-19b1bb5c1be9,0588b81d-cfa1-4c30-950f-ca5c5bda71ff,0cd2f6c6-956a-4bfe-b9f1-b663a7ee0f48
e8ba7714-1b83-47ec-aea9-c6acbe3c1ad8,e8ba7714-1b83-47ec-aea9-c6acbe3c1ad8,b5327b3c-3107-42f4-839b-048461a4d4d1,575d687b-187b-4a8e-9258-d5775332835d,b073235d-a3fb-4c88-bee0-f1ba87433e6e,bba296df-f8e9-4be0-bc33-4b4e4d13d4bd
079e5c6f-511c-4c9c-805c-f11c4fd6f6ef,079e5c6f-511c-4c9c-805c-f11c4fd6f6ef,07b32ad1-ac09-4625-b16a-c5d034fae253,deeccc08-3689-4565-b614-deabb3d0603d,268e71e7-2c9e-4e63-b0ea-bd52f23dfa7c,2767e4bf-5091-4ecc-848a-9a9e653135fa
11a9c164-9877-42f2-a699-bc433a5fe901,11a9c164-9877-42f2-a699-bc433a5fe901,c0e0373a-2461-4bfc-becc-5bf387f45436,2fb51b41-a7ff-4238-bab0-de82c904db56,253f2c17-a826-4a93-bbb8-276e0f8b0465,ff83d2b7-15ac-4dd1-80a3-76080c1382db
1ab6ab28-3c20-4c0e-b11c-65e24d007580,1ab6ab28-3c20-4c0e-b11c-65e24d007580,dc05136f-ebc4-423a-a794-aa5aa785dd2e,0d587e2c-3679-4cbe-ac2d-50c1c5688848,83f086a3-e18d-456b-a976-10f596269ee8,3d61d403-f07c-4e9d-bcfe-b04058b55672
46b13fc4-4764-43c3-b750-44517b7a426b,46b13fc4-4764-43c3-b750-44517b7a426b,c3cbfc48-fa36-42f6-8199-3277fb38e5bf,83100206-acb4-43ad-a3c9-b4f25253cd2d,a007c012-9811-4809-982c-ed93e0844395,cfa7d5ad-0c6e-424e-9ef5-1f88c898098b
78cb9147-77e8-49f8-9dd6-c0c612446a43,78cb9147-77e8-49f8-9dd6-c0c612446a43,f2a9f889-48ef-48d8-9c50-89c2b80e6f06,0c3ab95f-d96a-418f-ade3-a2eb6fb65541,79795a90-a399-4f3c-9932-f9ae4e443e83,40adb8a1-3cc9-4c6f-aa8a-4852ccee7c03
897da6eb-3544-4642-b026-5bb93c108736,897da6eb-3544-4642-b026-5bb93c108736,94607bb7-4bf9-4305-bec5-868fc0382f12,a594f3c9-bebc-438a-8814-2c170998b042,0ded71fe-f102-496f-9d2a-ada02129c1a6,9fc5f3ad-728f-462b-ab3b-bc2511e0e275
9d9b8649-42de-4a29-a684-63c721430fdf,9d9b8649-42de-4a29-a684-63c721430fdf,9fc5f3ad-728f-462b-ab3b-bc2511e0e275,0d587e2c-3679-4cbe-ac2d-50c1c5688848,7ea38e21-558d-49c1-9293-2caccd21aaa6,83f6e965-39ed-4573-9f78-815eab292d20
9efdc22e-ff63-4bde-b848-66ab86235065,9efdc22e-ff63-4bde-b848-66ab86235065,94607bb7-4bf9-4305-bec5-868fc0382f12,620f6ec3-1450-47ac-8656-fe033a396b6e,54cc6452-43f9-4679-982f-09084aa7ff5f,a594f3c9-bebc-438a-8814-2c170998b042
a3027373-bc79-415d-b2ac-869c6b37030e,a3027373-bc79-415d-b2ac-869c6b37030e,7b141df7-a305-4bcc-80e0-73f0f4f65898,47a1024d-3fee-4dd4-80bb-49af82e1d239,620f6ec3-1450-47ac-8656-fe033a396b6e,a007c012-9811-4809-982c-ed93e0844395
c0a2cbf5-6e3c-456f-9868-5f0e329efa19,c0a2cbf5-6e3c-456f-9868-5f0e329efa19,2fb51b41-a7ff-4238-bab0-de82c904db56,211b0134-7d3e-4403-b9e3-0ba56d9322a1,3fc142c2-2292-4326-933d-32664f1c9c19,0d587e2c-3679-4cbe-ac2d-50c1c5688848
cfc30659-15db-400b-be5f-5c47625d50c4,cfc30659-15db-400b-be5f-5c47625d50c4,adb0a978-19c2-4cda-ae6c-8cf9b39c54d5,94607bb7-4bf9-4305-bec5-868fc0382f12,da5c133c-1153-4f29-8d53-9b9a7ec45cdf,0d14f4d5-3051-4fe8-9338-93f8f7dde185
e1769d33-592e-440c-97d0-b360bbea4e3b,e1769d33-592e-440c-97d0-b360bbea4e3b,8eb47172-d2c3-4a7d-a6b7-d10dd53a4244,80fd70df-3914-4bf5-996d-0d24976504f1,843a392d-c245-466a-a5b1-ab225172ee32,303252f0-eb55-49fe-b754-768545fbf3fe
0e7ddbfb-96c0-4918-9ced-f16920e96611,0e7ddbfb-96c0-4918-9ced-f16920e96611,080d9d53-2cfc-482f-b92f-26bfdb40fc18,d6f4cc24-c641-4b54-b31c-9b0bc423a211,3daccd69-bfda-4971-a2b4-86cb29055a61,afc98898-57b2-4eaa-a6a4-71055dcb971c
2ca724da-6f47-491c-adb9-6f24cf728fac,2ca724da-6f47-491c-adb9-6f24cf728fac,5044d9b1-4620-4548-9aa9-4d4d0d3c0c9b,5e0882b6-d099-4b8e-8de5-895c739f642e,ad580a2e-1912-416f-aab4-5dc337321d9b,e6c13a82-fc49-417e-8d69-d25098476f9e
01d3443f-a1b7-44ba-8f6d-04e0e278470a,01d3443f-a1b7-44ba-8f6d-04e0e278470a,e327af4a-9059-485a-a79e-d93ddd1ab60b,3874357e-d93e-4651-b17f-94ba7ed3ee66,d8dd79a7-0c79-4f52-8ecb-82766b88ae92,87aa6a3c-05a5-4924-9800-54e87531c1aa
0766f469-7dda-40bc-9238-dc03cae39910,0766f469-7dda-40bc-9238-dc03cae39910,85726ec9-7d01-41af-aa20-0b4c4c798198,c93486cf-0a57-4d2b-b654-83309bbad1f3,2901a3a8-2e37-430e-8479-5d2e04e4adf3,32f1e27f-374c-4a7d-a373-9587267c8b9a
193447d9-34a3-4ec0-9125-2afa41e832f6,193447d9-34a3-4ec0-9125-2afa41e832f6,16c5bfa2-43d3-4849-b826-78ad874225b6,c2bec66a-2c8e-49a9-abad-8fe94d88245e,bc37f2ad-2096-404e-807d-10cece49a9c8,5e0882b6-d099-4b8e-8de5-895c739f642e
2486af64-8894-4815-af58-3165348714f5,2486af64-8894-4815-af58-3165348714f5,604a50d5-a2fb-4403-8171-c5a3619e4b7f,a76fe9dc-6db9-4673-b68c-91f9d1504676,68bf0cae-8c34-4dca-9c40-85dbb7db1ad8,0589e923-760d-440e-a1b9-77440443e2bc
33590bff-0ebc-481c-b5ec-94205e1a2863,33590bff-0ebc-481c-b5ec-94205e1a2863,fd3acfcd-0102-4ab7-8bc8-298232b84f34,695f4a59-4455-41bc-920b-e8a47e7a22c3,ec0bcc88-3597-45f1-b7a7-191c5be683ab,d47188c4-9eac-48c4-be4d-a0a255840c4a
3c0c6055-fe82-4080-8606-e89c0e45a68f,3c0c6055-fe82-4080-8606-e89c0e45a68f,3a0ec52f-b027-4df2-ba49-703f5a2a6cb5,09408067-d904-42b7-b55b-6586d9d075ce,934d3ff2-5da6-4505-945f-03643de0267f,4d7a777e-1773-4ecc-84b5-436a819560fb
3c2d1009-2921-4809-9310-265185c2a559,3c2d1009-2921-4809-9310-265185c2a559,23cf2977-b699-4f06-baea-b9b022181ef8,e47698b7-089c-46ee-95ed-2ca9c554c0f3,3874357e-d93e-4651-b17f-94ba7ed3ee66,5e0882b6-d099-4b8e-8de5-895c739f642e
3e84467f-5700-430c-bd0a-7c984fd93ed2,3e84467f-5700-430c-bd0a-7c984fd93ed2,f094d491-b86c-4a28-a64f-9375d6350958,29bcdcfb-24bd-4c60-a42e-2f42cbca49cf,1b82bb1b-2e0c-41ad-b477-4adfb4414822,33590bff-0ebc-481c-b5ec-94205e1a2863
419a65cd-aa45-4fcc-bc5d-71dbc3ee8b13,419a65cd-aa45-4fcc-bc5d-71dbc3ee8b13,6493911e-a3f4-428c-ad81-845415c6076e,e4903e67-03c1-44a9-85b3-86bf43e478f4,acff0f13-4804-46fe-8b58-b17ba5966a78,a5afb076-1496-4e72-b67d-b95d855cf2f7
466f931c-235b-4c01-bcbe-add87fcbc191,466f931c-235b-4c01-bcbe-add87fcbc191,ca591eef-e808-4df8-9b56-110ed32e98cc,7294d0ec-c255-4634-9f70-e0014d132233,afc98898-57b2-4eaa-a6a4-71055dcb971c,a19f5d9e-7ec5-4f1c-86dc-00c2d0652ce7
4b48ca63-803e-4fab-996b-cd14cee13146,4b48ca63-803e-4fab-996b-cd14cee13146,861f20bc-9049-45d1-abbf-ece9feb8c545,db7eb9cd-e21b-4135-a77b-df9c903bb111,32a9763f-a14e-4826-8c7a-f3a8a608e5a0,316f5b0a-2b32-4a78-a909-48fa63c786b0
4d7a777e-1773-4ecc-84b5-436a819560fb,4d7a777e-1773-4ecc-84b5-436a819560fb,3c0c6055-fe82-4080-8606-e89c0e45a68f,a3dbeb5e-31b7-4cdc-8607-c52c472a6ed6,acff0f13-4804-46fe-8b58-b17ba5966a78,5044d9b1-4620-4548-9aa9-4d4d0d3c0c9b
513cf07d-5c93-4d7a-9939-4d8b220f7075,513cf07d-5c93-4d7a-9939-4d8b220f7075,bba58439-dc0b-410c-b4f6-8ff9dcd9146c,16c5bfa2-43d3-4849-b826-78ad874225b6,b4ead3a8-b3bc-4c7b-a9bb-28324f8f06e3,24d5687e-b176-4bfc-8ccc-001d44a564f4
51bf5fd8-dd2a-4708-aa9f-cf6abddf16ea,51bf5fd8-dd2a-4708-aa9f-cf6abddf16ea,3a0ec52f-b027-4df2-ba49-703f5a2a6cb5,b0b9cc76-ec78-41c4-b79d-bd956c9e79a5,a3779f68-7430-4486-a39f-53940bb912a5,acff0f13-4804-46fe-8b58-b17ba5966a78
5c7d073e-4163-4a80-9692-56d67af7e8ff,5c7d073e-4163-4a80-9692-56d67af7e8ff,7bf7f4f3-8942-43ac-9313-7a12586160a7,7da25bac-7d69-452c-8c57-8608b4f359b1,c2c36d11-e049-4530-bac3-c02aaa58310d,b09335d6-fe49-4e60-8733-a464c4665d29
629970b0-cb8a-4afd-b3bd-ada5794b4e6f,629970b0-cb8a-4afd-b3bd-ada5794b4e6f,a90e4dfa-168c-413f-a436-5ef61d312d4c,466f931c-235b-4c01-bcbe-add87fcbc191,8859112f-c87b-4cca-98a8-d5fc07a214db,4aa46b21-4798-4bb7-80fc-99b0379d1856
68bf0cae-8c34-4dca-9c40-85dbb7db1ad8,68bf0cae-8c34-4dca-9c40-85dbb7db1ad8,807e314f-f823-43d5-8bc1-b7c6903161ab,3a0ec52f-b027-4df2-ba49-703f5a2a6cb5,6b46c019-1fb1-4335-ab19-1c0c0004ae0f,8cede4b7-3856-4685-8e3d-000e33a30bd8
7bf7f4f3-8942-43ac-9313-7a12586160a7,7bf7f4f3-8942-43ac-9313-7a12586160a7,5c7d073e-4163-4a80-9692-56d67af7e8ff,67d19fef-d6c3-496b-b299-1dfd6e3c9538,934d3ff2-5da6-4505-945f-03643de0267f,23cf2977-b699-4f06-baea-b9b022181ef8
87aa6a3c-05a5-4924-9800-54e87531c1aa,87aa6a3c-05a5-4924-9800-54e87531c1aa,2a7ed371-148c-4c6c-9ec7-1f0ef6bf8e75,ce87074f-da32-47ae-82cd-ee44f6695418,895d123c-f81e-459a-8455-f0b10638be8b,e327af4a-9059-485a-a79e-d93ddd1ab60b
8aa886f8-a7e3-46da-8770-5ae57b7e7f22,8aa886f8-a7e3-46da-8770-5ae57b7e7f22,c2c36d11-e049-4530-bac3-c02aaa58310d,08eadeef-2e08-44b4-b3d2-40035dad7fb5,46a145e3-1141-4aa5-9f5a-1ce7badc83f2,7984f35c-73ed-4ace-81db-f86f9a32cc12
94730346-43d3-4260-a15c-69d6a50720fb,94730346-43d3-4260-a15c-69d6a50720fb,e327af4a-9059-485a-a79e-d93ddd1ab60b,33590bff-0ebc-481c-b5ec-94205e1a2863,615e8595-bb81-4ddd-9e85-c9ebade4890f,21876ecf-d2f3-4a91-9b94-562a32b6c588
9d10e50f-e9d5-4e3b-ab26-8e4e2c3557da,9d10e50f-e9d5-4e3b-ab26-8e4e2c3557da,92609cc4-9b23-4840-a786-e3b9cf2d1697,e4903e67-03c1-44a9-85b3-86bf43e478f4,b4c24038-5906-4b51-ae00-131a97b4f1a5,16c5bfa2-43d3-4849-b826-78ad874225b6
ca591eef-e808-4df8-9b56-110ed32e98cc,ca591eef-e808-4df8-9b56-110ed32e98cc,f08901d0-635b-414f-a1b7-20e05775a298,3874357e-d93e-4651-b17f-94ba7ed3ee66,1c459cec-beff-4cc4-91ab-a8db8c6a6c97,861f20bc-9049-45d1-abbf-ece9feb8c545
cc5a6179-d765-4d72-ba79-6ceb6d5e918b,cc5a6179-d765-4d72-ba79-6ceb6d5e918b,a90e4dfa-168c-413f-a436-5ef61d312d4c,3874357e-d93e-4651-b17f-94ba7ed3ee66,70b36681-89f7-469b-9cee-d58af9d1024f,861f20bc-9049-45d1-abbf-ece9feb8c545
ce87074f-da32-47ae-82cd-ee44f6695418,ce87074f-da32-47ae-82cd-ee44f6695418,ec0bcc88-3597-45f1-b7a7-191c5be683ab,87aa6a3c-05a5-4924-9800-54e87531c1aa,9b170eba-d44d-43d1-a85c-73c58e48a7c5,08925141-de74-4589-91ce-52e1a317ad9c
d2b8df65-0753-4a94-b9a3-3dbac4b53cba,d2b8df65-0753-4a94-b9a3-3dbac4b53cba,08925141-de74-4589-91ce-52e1a317ad9c,e6c13a82-fc49-417e-8d69-d25098476f9e,895d123c-f81e-459a-8455-f0b10638be8b,5f4bba0c-f7b8-44aa-859e-944d6b67efe6
eaa86260-49a1-462d-befc-d8bf32a5f158,eaa86260-49a1-462d-befc-d8bf32a5f158,1b956485-756f-4654-9996-3db976a03827,934d3ff2-5da6-4505-945f-03643de0267f,895d123c-f81e-459a-8455-f0b10638be8b,316f5b0a-2b32-4a78-a909-48fa63c786b0
ebb95208-d923-4b66-af5f-d827b82ce0d3,ebb95208-d923-4b66-af5f-d827b82ce0d3,b4ead3a8-b3bc-4c7b-a9bb-28324f8f06e3,75bfb3f8-f1b0-4264-9de1-5ae8fa4a39b0,d47188c4-9eac-48c4-be4d-a0a255840c4a,db7eb9cd-e21b-4135-a77b-df9c903bb111
f2e61e19-35b6-451e-8fa4-95003144d822,f2e61e19-35b6-451e-8fa4-95003144d822,613b4fb1-35f4-40aa-a2bf-5d7d2e5e0f43,f08901d0-635b-414f-a1b7-20e05775a298,68bf0cae-8c34-4dca-9c40-85dbb7db1ad8,fed9b7c9-ef0c-413e-b028-ccf1e31b535f
fa50f3cc-4b1c-4702-b106-139b6043d075,fa50f3cc-4b1c-4702-b106-139b6043d075,08eadeef-2e08-44b4-b3d2-40035dad7fb5,e4a4e61b-7288-4a5c-a2d1-cc4039599ec7,6a4eaa87-5adb-4e3d-a523-3d58535f4450,3daccd69-bfda-4971-a2b4-86cb29055a61
08925141-de74-4589-91ce-52e1a317ad9c,08925141-de74-4589-91ce-52e1a317ad9c,cfced43f-6148-430d-b648-48d7295e87e5,d2b8df65-0753-4a94-b9a3-3dbac4b53cba,e6c13a82-fc49-417e-8d69-d25098476f9e,ce87074f-da32-47ae-82cd-ee44f6695418
0ea4b66b-873a-4faf-8e00-c55d200645d4,0ea4b66b-873a-4faf-8e00-c55d200645d4,5e450f3d-41c9-48ec-897b-aeb9d25a9f65,acff0f13-4804-46fe-8b58-b17ba5966a78,2a7ed371-148c-4c6c-9ec7-1f0ef6bf8e75,ea2dd195-7d12-44bc-871e-5cda9f434faf
310df5b3-1f4a-4239-bcad-d94865b69148,310df5b3-1f4a-4239-bcad-d94865b69148,7de9579d-3c1d-432f-85c2-60e46c18a933,f08901d0-635b-414f-a1b7-20e05775a298,e3ed2056-e8bd-446b-b24c-7ad7d588b3e3,3cc5d065-cedb-4997-865c-dfb6eabc801e
3fbf8ded-41ea-49e8-a165-51c9ccb039a5,3fbf8ded-41ea-49e8-a165-51c9ccb039a5,7d8cc1d9-3e91-4d47-991e-94ee8a64896e,bc37f2ad-2096-404e-807d-10cece49a9c8,51bf5fd8-dd2a-4708-aa9f-cf6abddf16ea,bd2fbab0-a3b0-483f-9640-67640fad451f
70b36681-89f7-469b-9cee-d58af9d1024f,70b36681-89f7-469b-9cee-d58af9d1024f,12708359-f02b-4058-a690-aa9672688698,8859112f-c87b-4cca-98a8-d5fc07a214db,cc5a6179-d765-4d72-ba79-6ceb6d5e918b,6836d281-5e1a-4a8d-b00c-4c25642e3b2f
85a36726-8b19-4991-a27c-f033c33fffae,85a36726-8b19-4991-a27c-f033c33fffae,7537a958-c7e7-4874-90b3-637587771610,9443effa-8443-4327-a69c-a0568e827200,7bf7f4f3-8942-43ac-9313-7a12586160a7,b09335d6-fe49-4e60-8733-a464c4665d29
861f20bc-9049-45d1-abbf-ece9feb8c545,861f20bc-9049-45d1-abbf-ece9feb8c545,4b48ca63-803e-4fab-996b-cd14cee13146,cc5a6179-d765-4d72-ba79-6ceb6d5e918b,a19f5d9e-7ec5-4f1c-86dc-00c2d0652ce7,c93486cf-0a57-4d2b-b654-83309bbad1f3
b2f98d19-c4cb-4721-8e82-31519079ac1e,b2f98d19-c4cb-4721-8e82-31519079ac1e,5e450f3d-41c9-48ec-897b-aeb9d25a9f65,fc996afb-d392-4472-a0f5-6193e3ba6171,8b2b2109-9ada-49da-be2a-f7f2039e6c17,934d3ff2-5da6-4505-945f-03643de0267f
cdf9d24c-707a-4047-acfd-16e71e44d4f3,cdf9d24c-707a-4047-acfd-16e71e44d4f3,8731ba27-0769-44f1-8ebe-b90f95ebe6a6,604a50d5-a2fb-4403-8171-c5a3619e4b7f,24d5687e-b176-4bfc-8ccc-001d44a564f4,a19f5d9e-7ec5-4f1c-86dc-00c2d0652ce7
de9ea2d3-d78e-4305-b7c2-9ead617b45bc,de9ea2d3-d78e-4305-b7c2-9ead617b45bc,cfced43f-6148-430d-b648-48d7295e87e5,2901a3a8-2e37-430e-8479-5d2e04e4adf3,a90e4dfa-168c-413f-a436-5ef61d312d4c,342f81e2-a101-4778-a20d-ce39fde93c1e
a4e7fbd4-a784-4ef7-baf0-d4391572ff08,a4e7fbd4-a784-4ef7-baf0-d4391572ff08,895d123c-f81e-459a-8455-f0b10638be8b,def03c81-e811-4aaa-9204-3e5c62a2c58e,b27c3207-78f6-411b-9ee7-af8ac98b61db,1b956485-756f-4654-9996-3db976a03827
c06a6545-9aab-4dc6-af83-0a1f4e82eba6,c06a6545-9aab-4dc6-af83-0a1f4e82eba6,b09335d6-fe49-4e60-8733-a464c4665d29,8859112f-c87b-4cca-98a8-d5fc07a214db,b0b9cc76-ec78-41c4-b79d-bd956c9e79a5,f08901d0-635b-414f-a1b7-20e05775a298
d47188c4-9eac-48c4-be4d-a0a255840c4a,d47188c4-9eac-48c4-be4d-a0a255840c4a,895d123c-f81e-459a-8455-f0b10638be8b,33590bff-0ebc-481c-b5ec-94205e1a2863,38cef6a7-8ccf-445e-b8fb-781159acad88,ce87074f-da32-47ae-82cd-ee44f6695418
1c459cec-beff-4cc4-91ab-a8db8c6a6c97,1c459cec-beff-4cc4-91ab-a8db8c6a6c97,3585862b-d0a1-4a3e-bab8-1f41a5ac88ce,5e0882b6-d099-4b8e-8de5-895c739f642e,e47698b7-089c-46ee-95ed-2ca9c554c0f3,ca591eef-e808-4df8-9b56-110ed32e98cc
1ec582c6-97ea-44c6-bb24-f75c24bb114f,1ec582c6-97ea-44c6-bb24-f75c24bb114f,6164e686-768c-459e-be25-072a4de5885b,bd2fbab0-a3b0-483f-9640-67640fad451f,15150151-4c1c-4306-80a5-cb0143f7efb9,6493911e-a3f4-428c-ad81-845415c6076e
3daccd69-bfda-4971-a2b4-86cb29055a61,3daccd69-bfda-4971-a2b4-86cb29055a61,683da63a-d060-48ae-b153-b8f7a4b92aae,5e5e2d66-3c42-46fa-8271-1167aa54bfc7,0e7ddbfb-96c0-4918-9ced-f16920e96611,6493911e-a3f4-428c-ad81-845415c6076e
3eb7272a-6b33-469f-bdee-73604627a0b8,3eb7272a-6b33-469f-bdee-73604627a0b8,23cf2977-b699-4f06-baea-b9b022181ef8,6a4eaa87-5adb-4e3d-a523-3d58535f4450,6493911e-a3f4-428c-ad81-845415c6076e,a5afb076-1496-4e72-b67d-b95d855cf2f7
5e5e2d66-3c42-46fa-8271-1167aa54bfc7,5e5e2d66-3c42-46fa-8271-1167aa54bfc7,3daccd69-bfda-4971-a2b4-86cb29055a61,71f6b7ab-7764-4b06-825a-01e6138bd84e,fc996afb-d392-4472-a0f5-6193e3ba6171,16c5bfa2-43d3-4849-b826-78ad874225b6
6b46c019-1fb1-4335-ab19-1c0c0004ae0f,6b46c019-1fb1-4335-ab19-1c0c0004ae0f,db7eb9cd-e21b-4135-a77b-df9c903bb111,895d123c-f81e-459a-8455-f0b10638be8b,68bf0cae-8c34-4dca-9c40-85dbb7db1ad8,b4c24038-5906-4b51-ae00-131a97b4f1a5
72dcdb4b-e7fb-4c52-9e7e-089d458b4c81,72dcdb4b-e7fb-4c52-9e7e-089d458b4c81,604a50d5-a2fb-4403-8171-c5a3619e4b7f,fd3acfcd-0102-4ab7-8bc8-298232b84f34,0589e923-760d-440e-a1b9-77440443e2bc,09408067-d904-42b7-b55b-6586d9d075ce
744555cf-e071-4000-a9d6-b871ec0858a3,744555cf-e071-4000-a9d6-b871ec0858a3,f1c3786b-3ba1-42e7-8c1c-1ccf8009afc8,7984f35c-73ed-4ace-81db-f86f9a32cc12,7294d0ec-c255-4634-9f70-e0014d132233,92609cc4-9b23-4840-a786-e3b9cf2d1697
7da25bac-7d69-452c-8c57-8608b4f359b1,7da25bac-7d69-452c-8c57-8608b4f359b1,5c7d073e-4163-4a80-9692-56d67af7e8ff,46a145e3-1141-4aa5-9f5a-1ce7badc83f2,8d4613a6-5cda-4414-8c8e-117ec977802a,cdf9d24c-707a-4047-acfd-16e71e44d4f3
b47ccbe7-088a-4a64-a995-16927eb8458b,b47ccbe7-088a-4a64-a995-16927eb8458b,3cc5d065-cedb-4997-865c-dfb6eabc801e,8859112f-c87b-4cca-98a8-d5fc07a214db,81e33f3a-b581-4c39-b2b5-e2c48d26e79d,ea2dd195-7d12-44bc-871e-5cda9f434faf
dd7f7c72-6b82-4cfd-beca-018bfab40f72,dd7f7c72-6b82-4cfd-beca-018bfab40f72,0589e923-760d-440e-a1b9-77440443e2bc,d0046177-b55b-4f71-abbe-327e1d5a7e4b,5e450f3d-41c9-48ec-897b-aeb9d25a9f65,a5afb076-1496-4e72-b67d-b95d855cf2f7
ed0d9e81-1a78-46b0-a4b3-b4aeb9786da8,ed0d9e81-1a78-46b0-a4b3-b4aeb9786da8,c06a6545-9aab-4dc6-af83-0a1f4e82eba6,12708359-f02b-4058-a690-aa9672688698,43e3e6c0-f095-4a3e-b2e3-1acc25cb9422,1a3dc557-ac59-4594-b0c0-fd23b2cb11e1
0fe64fd4-009d-47cf-9b06-d92ee46e0cba,0fe64fd4-009d-47cf-9b06-d92ee46e0cba,6154d1ae-719f-4156-8c98-c30d080a90e3,b4f18bd5-ce3a-4d3b-8349-f87a987a6225,b0b9cc76-ec78-41c4-b79d-bd956c9e79a5,08bb14b1-c0ff-4971-b49d-3e8992164752
2812aa9b-1982-48d2-a2dd-aadf1e68faca,2812aa9b-1982-48d2-a2dd-aadf1e68faca,9b170eba-d44d-43d1-a85c-73c58e48a7c5,e4a4e61b-7288-4a5c-a2d1-cc4039599ec7,6154d1ae-719f-4156-8c98-c30d080a90e3,419a65cd-aa45-4fcc-bc5d-71dbc3ee8b13
32f1e27f-374c-4a7d-a373-9587267c8b9a,32f1e27f-374c-4a7d-a373-9587267c8b9a,1b82bb1b-2e0c-41ad-b477-4adfb4414822,8a67ae4c-73a6-4221-afca-8fe1cb82d3cf,0766f469-7dda-40bc-9238-dc03cae39910,ec0bcc88-3597-45f1-b7a7-191c5be683ab
3cc5d065-cedb-4997-865c-dfb6eabc801e,3cc5d065-cedb-4997-865c-dfb6eabc801e,23cf2977-b699-4f06-baea-b9b022181ef8,4b3397ab-cc16-4180-9a9a-14a177ab17b4,8a67ae4c-73a6-4221-afca-8fe1cb82d3cf,342f81e2-a101-4778-a20d-ce39fde93c1e
5b7f2c06-b7ac-4b5d-a355-fda4fd002326,5b7f2c06-b7ac-4b5d-a355-fda4fd002326,def03c81-e811-4aaa-9204-3e5c62a2c58e,7bf7f4f3-8942-43ac-9313-7a12586160a7,ebb95208-d923-4b66-af5f-d827b82ce0d3,2486af64-8894-4815-af58-3165348714f5
6f33a300-ba24-4f87-b314-76bf0ddb4f78,6f33a300-ba24-4f87-b314-76bf0ddb4f78,5e0882b6-d099-4b8e-8de5-895c739f642e,5e450f3d-41c9-48ec-897b-aeb9d25a9f65,4b3397ab-cc16-4180-9a9a-14a177ab17b4,fc996afb-d392-4472-a0f5-6193e3ba6171
895d123c-f81e-459a-8455-f0b10638be8b,895d123c-f81e-459a-8455-f0b10638be8b,a4e7fbd4-a784-4ef7-baf0-d4391572ff08,def03c81-e811-4aaa-9204-3e5c62a2c58e,d47188c4-9eac-48c4-be4d-a0a255840c4a,6b46c019-1fb1-4335-ab19-1c0c0004ae0f
90647131-fb67-46a3-a478-e893d217c287,90647131-fb67-46a3-a478-e893d217c287,a3779f68-7430-4486-a39f-53940bb912a5,16c5bfa2-43d3-4849-b826-78ad874225b6,4d755fda-29f2-47ad-a0e9-21d3705e7e3e,3585862b-d0a1-4a3e-bab8-1f41a5ac88ce
ce2718bf-c5d1-438d-8cfd-823f1eb9a4eb,ce2718bf-c5d1-438d-8cfd-823f1eb9a4eb,b5c1257f-e666-4afb-931f-f66621db5d62,861f20bc-9049-45d1-abbf-ece9feb8c545,cdf9d24c-707a-4047-acfd-16e71e44d4f3,934d3ff2-5da6-4505-945f-03643de0267f
e3f49d5c-e57f-4704-a601-b30342ca7dcb,e3f49d5c-e57f-4704-a601-b30342ca7dcb,b5e9e3b2-712a-4799-a857-57420a2de9fc,7294d0ec-c255-4634-9f70-e0014d132233,2901a3a8-2e37-430e-8479-5d2e04e4adf3,93bec27b-edbf-4921-a137-007d4b95c566
f1c11073-cef6-4620-b65a-35e579d9f61b,f1c11073-cef6-4620-b65a-35e579d9f61b,5044d9b1-4620-4548-9aa9-4d4d0d3c0c9b,b4c24038-5906-4b51-ae00-131a97b4f1a5,fc53b701-d0dd-4f34-8b5a-0ddae93dd384,def03c81-e811-4aaa-9204-3e5c62a2c58e
07a1a6eb-7e03-4ab0-89b8-4c86aa50910b,07a1a6eb-7e03-4ab0-89b8-4c86aa50910b,29bcdcfb-24bd-4c60-a42e-2f42cbca49cf,32a9763f-a14e-4826-8c7a-f3a8a608e5a0,d6f4cc24-c641-4b54-b31c-9b0bc423a211,32f1e27f-374c-4a7d-a373-9587267c8b9a
08eadeef-2e08-44b4-b3d2-40035dad7fb5,08eadeef-2e08-44b4-b3d2-40035dad7fb5,fa50f3cc-4b1c-4702-b106-139b6043d075,8cede4b7-3856-4685-8e3d-000e33a30bd8,db7eb9cd-e21b-4135-a77b-df9c903bb111,4b48ca63-803e-4fab-996b-cd14cee13146
1e64181d-be0e-4ded-bcf5-da0c76e35943,1e64181d-be0e-4ded-bcf5-da0c76e35943,5235df06-d630-4626-8724-4b8f83c98673,16c5bfa2-43d3-4849-b826-78ad874225b6,32a9763f-a14e-4826-8c7a-f3a8a608e5a0,fc53b701-d0dd-4f34-8b5a-0ddae93dd384
225eee51-3673-4f91-8d60-4675e2d4803a,225eee51-3673-4f91-8d60-4675e2d4803a,a76fe9dc-6db9-4673-b68c-91f9d1504676,b4ead3a8-b3bc-4c7b-a9bb-28324f8f06e3,bba58439-dc0b-410c-b4f6-8ff9dcd9146c,1fd9036c-8d62-4d3f-a418-ecb160e3eeb1
43e3e6c0-f095-4a3e-b2e3-1acc25cb9422,43e3e6c0-f095-4a3e-b2e3-1acc25cb9422,29bcdcfb-24bd-4c60-a42e-2f42cbca49cf,e3f49d5c-e57f-4704-a601-b30342ca7dcb,ed0d9e81-1a78-46b0-a4b3-b4aeb9786da8,93bec27b-edbf-4921-a137-007d4b95c566
613b4fb1-35f4-40aa-a2bf-5d7d2e5e0f43,613b4fb1-35f4-40aa-a2bf-5d7d2e5e0f43,f1c3786b-3ba1-42e7-8c1c-1ccf8009afc8,f094d491-b86c-4a28-a64f-9375d6350958,d6f4cc24-c641-4b54-b31c-9b0bc423a211,3585862b-d0a1-4a3e-bab8-1f41a5ac88ce
6493911e-a3f4-428c-ad81-845415c6076e,6493911e-a3f4-428c-ad81-845415c6076e,419a65cd-aa45-4fcc-bc5d-71dbc3ee8b13,ec0bcc88-3597-45f1-b7a7-191c5be683ab,8a67ae4c-73a6-4221-afca-8fe1cb82d3cf,24d5687e-b176-4bfc-8ccc-001d44a564f4
9f406118-67c3-43d6-a23a-924bcc319381,9f406118-67c3-43d6-a23a-924bcc319381,4b3397ab-cc16-4180-9a9a-14a177ab17b4,fc53b701-d0dd-4f34-8b5a-0ddae93dd384,a540c957-8849-408f-a749-53a998429aaf,316f5b0a-2b32-4a78-a909-48fa63c786b0
a1465b02-4aa0-4982-a28c-444082dc71b9,a1465b02-4aa0-4982-a28c-444082dc71b9,5e0882b6-d099-4b8e-8de5-895c739f642e,5044d9b1-4620-4548-9aa9-4d4d0d3c0c9b,342f81e2-a101-4778-a20d-ce39fde93c1e,e6c13a82-fc49-417e-8d69-d25098476f9e
c2bec66a-2c8e-49a9-abad-8fe94d88245e,c2bec66a-2c8e-49a9-abad-8fe94d88245e,5e0882b6-d099-4b8e-8de5-895c739f642e,9b170eba-d44d-43d1-a85c-73c58e48a7c5,fb69302b-2316-44ff-98f6-b4d754940bfc,fd158405-d6cc-4fc2-95bc-94b0c65728da
c66bf0f3-7b5f-48f8-a516-3579cb98c588,c66bf0f3-7b5f-48f8-a516-3579cb98c588,7c176774-d8c3-4282-a3a5-eb5b10ae4fd9,fd158405-d6cc-4fc2-95bc-94b0c65728da,09e80ed3-c682-4b03-80ef-5cc689602bfd,bc37f2ad-2096-404e-807d-10cece49a9c8
e3ed2056-e8bd-446b-b24c-7ad7d588b3e3,e3ed2056-e8bd-446b-b24c-7ad7d588b3e3,5e0882b6-d099-4b8e-8de5-895c739f642e,d8dd79a7-0c79-4f52-8ecb-82766b88ae92,38cef6a7-8ccf-445e-b8fb-781159acad88,1c459cec-beff-4cc4-91ab-a8db8c6a6c97
