user,09408067-d904-42b7-b55b-6586d9d075ce,2a7ed371-148c-4c6c-9ec7-1f0ef6bf8e75,2da6d0b0-2ae2-48a4-b331-78fc5d006f69,2e1986b0-68aa-4670-8563-72946b6928d6,342f81e2-a101-4778-a20d-ce39fde93c1e,47ccb5bf-c767-4391-a56c-534ab8c367c5,5e450f3d-41c9-48ec-897b-aeb9d25a9f65,5e80e727-5a39-4022-a86a-421a39d72943,7294d0ec-c255-4634-9f70-e0014d132233,75bfb3f8-f1b0-4264-9de1-5ae8fa4a39b0,8731ba27-0769-44f1-8ebe-b90f95ebe6a6,93bec27b-edbf-4921-a137-007d4b95c566,a3779f68-7430-4486-a39f-53940bb912a5,b4f18bd5-ce3a-4d3b-8349-f87a987a6225,bba58439-dc0b-410c-b4f6-8ff9dcd9146c,bc2781f0-84db-4993-97a5-ff75ef0523d5,c93486cf-0a57-4d2b-b654-83309bbad1f3,cfced43f-6148-430d-b648-48d7295e87e5,db7eb9cd-e21b-4135-a77b-df9c903bb111,fc996afb-d392-4472-a0f5-6193e3ba6171,feb893fe-51e7-463d-b090-387a5099a2c3,1a3dc557-ac59-4594-b0c0-fd23b2cb11e1,20a6256e-b129-4585-aeb5-ba0c6597b038,5044d9b1-4620-4548-9aa9-4d4d0d3c0c9b,54aa46ac-b7c8-43d1-82ac-c4c42aec2476,5e0882b6-d099-4b8e-8de5-895c739f642e,9e796714-005c-499d-927c-f0cddf8d5b40,a90aacbf-09fc-4716-b8b9-ebe5d7ba374f,b0b9cc76-ec78-41c4-b79d-bd956c9e79a5,b48e5f89-2987-4989-8829-aa56d42757e6,b4c24038-5906-4b51-ae00-131a97b4f1a5,e4a4e61b-7288-4a5c-a2d1-cc4039599ec7,0700dfbd-764e-4110-bfe9-d8eae0d8cd49,15150151-4c1c-4306-80a5-cb0143f7efb9,21876ecf-d2f3-4a91-9b94-562a32b6c588,24d5687e-b176-4bfc-8ccc-001d44a564f4,29bcdcfb-24bd-4c60-a42e-2f42cbca49cf,32a9763f-a14e-4826-8c7a-f3a8a608e5a0,38cef6a7-8ccf-445e-b8fb-781159acad88,5f4bba0c-f7b8-44aa-859e-944d6b67efe6,6154d1ae-719f-4156-8c98-c30d080a90e3,6164e686-768c-459e-be25-072a4de5885b,68c1e6ba-29d7-4076-9a8a-675616269720,7984f35c-73ed-4ace-81db-f86f9a32cc12,7de9579d-3c1d-432f-85c2-60e46c18a933,7fa8a373-34f5-4912-bab3-a3d7c481849a,863968f5-4be9-4b04-ac2c-2d4e78b65502,8cede4b7-3856-4685-8e3d-000e33a30bd8,8d4613a6-5cda-4414-8c8e-117ec977802a,96c9d1ed-2797-4422-887f-24fe6d46b6b7,a76fe9dc-6db9-4673-b68c-91f9d1504676,c3cff43e-5d9f-4cde-8aae-f62a77d9e17a,dd515abd-bd7a-43d0-a672-d33afd8338e5,ec0bcc88-3597-45f1-b7a7-191c5be683ab,f094d491-b86c-4a28-a64f-9375d6350958,4b3397ab-cc16-4180-9a9a-14a177ab17b4,5235df06-d630-4626-8724-4b8f83c98673,7537a958-c7e7-4874-90b3-637587771610,77d9b252-a68e-4836-9aa0-a81307da39e5,8a67ae4c-73a6-4221-afca-8fe1cb82d3cf,a540c957-8849-408f-a749-53a998429aaf,a90e4dfa-168c-413f-a436-5ef61d312d4c,ad580a2e-1912-416f-aab4-5dc337321d9b,c2c36d11-e049-4530-bac3-c02aaa58310d,ca61b984-486b-464f-97a0-64672b9aa918,e327af4a-9059-485a-a79e-d93ddd1ab60b,f2c107ad-a2b7-4d04-be85-cda31c87b643,080d9d53-2cfc-482f-b92f-26bfdb40fc18,08e06f9b-1d5f-4126-b7c8-6cb346610d84,12708359-f02b-4058-a690-aa9672688698,198d46be-5382-4804-b05b-729017e06892,316f5b0a-2b32-4a78-a909-48fa63c786b0,31d701f0-9db5-4d4a-8653-902f9080d5c9,3585862b-d0a1-4a3e-bab8-1f41a5ac88ce,3874357e-d93e-4651-b17f-94ba7ed3ee66,5220d15c-ae5f-4903-b0d1-f9b5a5e9798e,67d19fef-d6c3-496b-b299-1dfd6e3c9538,71f6b7ab-7764-4b06-825a-01e6138bd84e,81e33f3a-b581-4c39-b2b5-e2c48d26e79d,9b170eba-d44d-43d1-a85c-73c58e48a7c5,a5afb076-1496-4e72-b67d-b95d855cf2f7,b9d8338b-adf4-4a88-a723-c8dafe905d74,bd2fbab0-a3b0-483f-9640-67640fad451f,def03c81-e811-4aaa-9204-3e5c62a2c58e,ebecf6ae-caa0-4fd4-8fcf-cbc71474ea06,f08901d0-635b-414f-a1b7-20e05775a298,f1c3786b-3ba1-42e7-8c1c-1ccf8009afc8,fb69302b-2316-44ff-98f6-b4d754940bfc,fc53b701-d0dd-4f34-8b5a-0ddae93dd384,fd3acfcd-0102-4ab7-8bc8-298232b84f34,08bb14b1-c0ff-4971-b49d-3e8992164752,16c5bfa2-43d3-4849-b826-78ad874225b6,1b82bb1b-2e0c-41ad-b477-4adfb4414822,1b956485-756f-4654-9996-3db976a03827,23cf2977-b699-4f06-baea-b9b022181ef8,2901a3a8-2e37-430e-8479-5d2e04e4adf3,2c218a07-2784-4918-b01f-d66f9b9edcde,32134c76-4332-4c20-a74b-02d8df3cf21f,46a145e3-1141-4aa5-9f5a-1ce7badc83f2,4aa46b21-4798-4bb7-80fc-99b0379d1856,604a50d5-a2fb-4403-8171-c5a3619e4b7f,615e8595-bb81-4ddd-9e85-c9ebade4890f,6836d281-5e1a-4a8d-b00c-4c25642e3b2f,7c176774-d8c3-4282-a3a5-eb5b10ae4fd9,7d8cc1d9-3e91-4d47-991e-94ee8a64896e,85726ec9-7d01-41af-aa20-0b4c4c798198,8859112f-c87b-4cca-98a8-d5fc07a214db,8ca2dd90-90c6-4ac0-afc4-b36f46f184b8,92609cc4-9b23-4840-a786-e3b9cf2d1697,9443effa-8443-4327-a69c-a0568e827200,94e84c32-cb6b-416a-8913-1c2904d459c5,acff0f13-4804-46fe-8b58-b17ba5966a78,afc98898-57b2-4eaa-a6a4-71055dcb971c,b4ead3a8-b3bc-4c7b-a9bb-28324f8f06e3,b5e9e3b2-712a-4799-a857-57420a2de9fc,bc37f2ad-2096-404e-807d-10cece49a9c8,d50a109f-4ca3-4472-80b1-99c995ad5b08,e16531fc-8569-4f4e-ba3a-79e62835fb76,e3fe782d-0b12-48fa-b724-61a6c8c8ba57,e4ab3caf-29f6-4329-95e7-362c8a23e8e5,e6021a26-ad98-47fd-a331-d639b5aff234,e93c17ab-806a-4330-9ba6-8f2aacaa446b,ea2dd195-7d12-44bc-871e-5cda9f434faf,fd158405-d6cc-4fc2-95bc-94b0c65728da,14e8fc5d-08ce-40fc-a25b-65cfffde88f9,1fd9036c-8d62-4d3f-a418-ecb160e3eeb1,3852c68c-a28b-410e-aab2-603fed2c5585,3a0ec52f-b027-4df2-ba49-703f5a2a6cb5,683da63a-d060-48ae-b153-b8f7a4b92aae,6a4eaa87-5adb-4e3d-a523-3d58535f4450,807e314f-f823-43d5-8bc1-b7c6903161ab,934d3ff2-5da6-4505-945f-03643de0267f,b09335d6-fe49-4e60-8733-a464c4665d29,b27c3207-78f6-411b-9ee7-af8ac98b61db,d8dd79a7-0c79-4f52-8ecb-82766b88ae92,e47698b7-089c-46ee-95ed-2ca9c554c0f3,e4903e67-03c1-44a9-85b3-86bf43e478f4,fed9b7c9-ef0c-413e-b028-ccf1e31b535f,072a8b2c-ed71-4855-9e00-ddfb8c96743c,0c6fe53f-1766-406d-8573-24da8f74c540,0cd2f6c6-956a-4bfe-b9f1-b663a7ee0f48,0d14f4d5-3051-4fe8-9338-93f8f7dde185,22d908b3-6d35-47ad-8898-19b1bb5c1be9,253f2c17-a826-4a93-bbb8-276e0f8b0465,26052e04-812f-46c8-b851-711b743c587d,2767e4bf-5091-4ecc-848a-9a9e653135fa,2f32a185-b07d-427d-974b-30bd099baa15,379dfd17-5cd2-46fe-b504-4ce725c1dc35,40adb8a1-3cc9-4c6f-aa8a-4852ccee7c03,412332b9-ee8a-42a3-906b-7e82a072b58f,575d687b-187b-4a8e-9258-d5775332835d,620f6ec3-1450-47ac-8656-fe033a396b6e,6e560dfe-c341-4211-b709-be6a6c09c218,79795a90-a399-4f3c-9932-f9ae4e443e83,7ea38e21-558d-49c1-9293-2caccd21aaa6,843a392d-c245-466a-a5b1-ab225172ee32,8df47931-a944-4316-80ec-3ed56c91dbfe,8eb47172-d2c3-4a7d-a6b7-d10dd53a4244,adb0a978-19c2-4cda-ae6c-8cf9b39c54d5,b073235d-a3fb-4c88-bee0-f1ba87433e6e,b115e0a4-eac4-4f8b-bfa1-91fb60640d95,b5327b3c-3107-42f4-839b-048461a4d4d1,b8457369-fa64-4f2a-8e04-5703f38326ce,b8e77c2e-1b9c-4335-803b-8c0c70dfe84a,c0e0373a-2461-4bfc-becc-5bf387f45436,ccb2cb31-7318-4186-80a9-ae105dd80cd4,d1463040-9006-4d14-9afd-ed547a70eb23,d4f188f8-7970-4ef5-a18c-c2e4e54d9bf2,da5c133c-1153-4f29-8d53-9b9a7ec45cdf,db484992-24df-4b92-b923-a056b1217fd3,e3fffd76-ef9d-453c-8b2d-d5b7873cbdb0,ec4e4e5e-d56b-45c7-872a-efa63a58d3b7,f5c47011-3418-466d-86b1-c329d32dc12b,f684f4c5-d5e6-4956-bbb7-b68f5d7c53fe,fbdae368-4869-43ed-acbb-428577903101,fd76b141-a942-4250-958c-62094b32ee0d,ff850dfd-3381-4e14-b5f1-3623f6457432,008f696d-e9cf-4c34-b5af-92583c1f8cf6,07b32ad1-ac09-4625-b16a-c5d034fae253,0c3ab95f-d96a-418f-ade3-a2eb6fb65541,1d97fb36-1fb6-47a8-b42b-fcaf5fbc3b60,303252f0-eb55-49fe-b754-768545fbf3fe,3e53d08b-11dd-44b5-a080-096575532347,47a1024d-3fee-4dd4-80bb-49af82e1d239,4af98dbe-f586-4a74-8ea0-6e2ad766c02d,7e5456aa-2218-4068-ba59-2bbabdd3cbd2,83100206-acb4-43ad-a3c9-b4f25253cd2d,9e8b5d3b-698b-438d-b4ba-87297f5dacef,9fc5f3ad-728f-462b-ab3b-bc2511e0e275,a48aee69-88cb-4f69-b699-b49a5c62208a,a594f3c9-bebc-438a-8814-2c170998b042,b07feaa0-ee49-47a0-975d-bb3ce2069b4c,db6327cd-6b10-4b21-99ed-2af3201f9b98,0b5da6b5-49a0-4a11-ac80-94362d1683e4,0bfccba4-654c-4e6d-b8ad-cda39c007130,0e276ebf-f467-42a1-99ff-9cada2787e17,0ece9c20-5bad-47b0-9d5e-bd3975d5e5f6,83f6e965-39ed-4573-9f78-815eab292d20,8de0c406-e432-4957-afbe-e935122ad9a2,a6524ca3-3434-4a65-a2bf-609353857dc5,ee01b2f0-5d8f-404f-86bc-ba64a3496b2e,044c0f0b-27c5-4788-9aa2-ab9007839023,211b0134-7d3e-4403-b9e3-0ba56d9322a1,3543f107-0a23-4d11-a296-e5932cd9dac4,4ba07a45-fc63-4116-8fc6-4c97e18d7791,54fc3c3d-3a87-4bf2-a286-b36b367d445b,605728c3-fe32-4f76-9955-11d7d14f2793,755e9191-ef3d-4351-8d90-7b5dc29d6411,929188be-0b80-471a-baf3-94dc58b6c3c3,bd131a8d-b2ac-453e-8fac-c39b4d548ddd,cff08c0d-80c3-4fa1-98c1-df824e2a5aa8,ecbd19f1-cdf2-417d-84a9-8dd3c10ce140,fdae9144-d71e-4de2-8b00-7424a2e316ef,0589e923-760d-440e-a1b9-77440443e2bc,09e80ed3-c682-4b03-80ef-5cc689602bfd,3ab40da8-7699-4dbd-b2f0-1c6652b460c5,4d755fda-29f2-47ad-a0e9-21d3705e7e3e,695f4a59-4455-41bc-920b-e8a47e7a22c3,8b2b2109-9ada-49da-be2a-f7f2039e6c17,a19f5d9e-7ec5-4f1c-86dc-00c2d0652ce7,b5c1257f-e666-4afb-931f-f66621db5d62,d0046177-b55b-4f71-abbe-327e1d5a7e4b,d1c7dddd-dd0e-459b-8e76-57f24b81c0ef,d6f4cc24-c641-4b54-b31c-9b0bc423a211,e6c13a82-fc49-417e-8d69-d25098476f9e,07e0bad3-0c9f-4c87-89da-1c035e2e6eaf,0ded71fe-f102-496f-9d2a-ada02129c1a6,0e1a3be0-eaea-4367-a506-11589ea5e0c7,0ece5498-5027-465a-9a6f-62c7eaa324eb,1f0e0184-5f25-446e-837b-cd9ea4dc648e,1fd14183-a479-4d98-af76-9544f7c4e901,2fb51b41-a7ff-4238-bab0-de82c904db56,43acb1f7-51d4-47db-99fa-7a506f7bd429,4646c983-a17f-4614-94c5-2d8120ca2370,466f709b-674a-4b55-8190-370837ea46a8,46de3b6b-f21c-4605-96bd-12ecdaa5fbf8,4a401f76-06ed-45dd-9d04-87a7524a9983,54cc6452-43f9-4679-982f-09084aa7ff5f,61bbaff9-eb5c-44c0-b7c5-834fe0e670ee,76200c84-5750-4e29-939c-9eeb96b165ca,7c621e98-7d8e-4cff-a421-76a7f9d18608,7db6f2c3-0b4b-4620-824d-e7734b71074b,7e2c8bd4-e3f6-4778-a001-bdfc852c24b8,80fd70df-3914-4bf5-996d-0d24976504f1,813ea3c9-a58f-437c-b643-be15cff0ae03,94607bb7-4bf9-4305-bec5-868fc0382f12,9a227848-f28d-4052-a4c5-135eec12aad8,a3dbeb5e-31b7-4cdc-8607-c52c472a6ed6,adbb2df3-846a-45c8-ad8a-6b697c39c2ca,b400cbb0-ba14-4c16-8f71-faf4d06188c4,bf7478e0-c7fa-477a-a2e0-ea3fffd4a12e,c3cbfc48-fa36-42f6-8199-3277fb38e5bf,cdb71577-536e-48d1-999d-069e1e9549f1,dabe8eb3-8388-4a90-aeae-e910a3d45629,dbd92772-0ed4-4d1c-9717-f9af2cf11107,ee1480e2-348e-495e-833c-3f7a51399c21,fe6a3f65-1489-48f4-a942-5da70be250af,ff83d2b7-15ac-4dd1-80a3-76080c1382db,17cdddb4-a4cd-463a-b0ba-102e85c566f2,216df4fd-994c-46d4-bc18-508fa3fa1b56,3d866c06-b063-4804-8e54-a3a6f10017df,97411f73-2a90-4a8a-82ca-fd9da253d4d3,a007c012-9811-4809-982c-ed93e0844395,d8fcf3c3-fdb7-40c7-a49b-c5476f9d20c5,daf84dee-46c7-478f-9e22-1cf450f75c1c,dd3bda46-15b2-4bca-8482-c9cc06e633de,f2a9f889-48ef-48d8-9c50-89c2b80e6f06,0588b81d-cfa1-4c30-950f-ca5c5bda71ff,1614fde3-3150-4e50-8e70-ae47a46d8d9e,2ee84b3b-9c22-44a3-a8c0-7da97377a9f8,35768a61-f94e-495c-b5c0-f208adca2356,3d61d403-f07c-4e9d-bcfe-b04058b55672,3fc142c2-2292-4326-933d-32664f1c9c19,6c1ece78-3e20-44d9-a59a-70a87b8b6b00,7d04d3b8-7e15-49b1-af45-1042b015cb33,bba296df-f8e9-4be0-bc33-4b4e4d13d4bd,cfa7d5ad-0c6e-424e-9ef5-1f88c898098b,d8a6157f-8973-440f-8b00-e544b63c2cbf,dc05136f-ebc4-423a-a794-aa5aa785dd2e,deeccc08-3689-4565-b614-deabb3d0603d,05f0b1af-899b-48a8-b2a3-32cd6c934914,268e71e7-2c9e-4e63-b0ea-bd52f23dfa7c,3c259eeb-d27c-40e6-91e9-1b1ad56e06ab,49796931-ec76-47bc-97b5-3a9c02991a21,7b141df7-a305-4bcc-80e0-73f0f4f65898,83524aed-c67b-4f12-9ca4-fd5c9542a159,b8af2504-3553-4efb-b621-f87890a344cb,c177e74b-a54d-41ff-b2da-b556d93f9781,0452fdb9-d8c6-41be-934c-f84db1a73532,0d587e2c-3679-4cbe-ac2d-50c1c5688848,109c0633-82b7-4604-8e0c-97e3d96b8824,198c68ca-2400-4e49-af7c-e59356f12767,2eead373-ba6e-4b30-b413-3fd7b7dff093,77762ce7-4399-4f7d-a781-a0d25d39c4d0,83f086a3-e18d-456b-a976-10f596269ee8,8c0dcf4d-9394-47cc-96be-07c4d84d065b,982642f1-6017-4932-90fe-88fd5e97940e,9ca775f9-5501-4e90-8193-944f3c7958e7,c5422596-1968-46ee-98fa-4cde7c6de76b,e8ba7714-1b83-47ec-aea9-c6acbe3c1ad8,079e5c6f-511c-4c9c-805c-f11c4fd6f6ef,11a9c164-9877-42f2-a699-bc433a5fe901,1ab6ab28-3c20-4c0e-b11c-65e24d007580,46b13fc4-4764-43c3-b750-44517b7a426b,78cb9147-77e8-49f8-9dd6-c0c612446a43,897da6eb-3544-4642-b026-5bb93c108736,9d9b8649-42de-4a29-a684-63c721430fdf,9efdc22e-ff63-4bde-b848-66ab86235065,a3027373-bc79-415d-b2ac-869c6b37030e,c0a2cbf5-6e3c-456f-9868-5f0e329efa19,cfc30659-15db-400b-be5f-5c47625d50c4,e1769d33-592e-440c-97d0-b360bbea4e3b,0e7ddbfb-96c0-4918-9ced-f16920e96611,2ca724da-6f47-491c-adb9-6f24cf728fac,01d3443f-a1b7-44ba-8f6d-04e0e278470a,0766f469-7dda-40bc-9238-dc03cae39910,193447d9-34a3-4ec0-9125-2afa41e832f6,2486af64-8894-4815-af58-3165348714f5,33590bff-0ebc-481c-b5ec-94205e1a2863,3c0c6055-fe82-4080-8606-e89c0e45a68f,3c2d1009-2921-4809-9310-265185c2a559,3e84467f-5700-430c-bd0a-7c984fd93ed2,419a65cd-aa45-4fcc-bc5d-71dbc3ee8b13,466f931c-235b-4c01-bcbe-add87fcbc191,4b48ca63-803e-4fab-996b-cd14cee13146,4d7a777e-1773-4ecc-84b5-436a819560fb,513cf07d-5c93-4d7a-9939-4d8b220f7075,51bf5fd8-dd2a-4708-aa9f-cf6abddf16ea,5c7d073e-4163-4a80-9692-56d67af7e8ff,629970b0-cb8a-4afd-b3bd-ada5794b4e6f,68bf0cae-8c34-4dca-9c40-85dbb7db1ad8,7bf7f4f3-8942-43ac-9313-7a12586160a7,87aa6a3c-05a5-4924-9800-54e87531c1aa,8aa886f8-a7e3-46da-8770-5ae57b7e7f22,94730346-43d3-4260-a15c-69d6a50720fb,9d10e50f-e9d5-4e3b-ab26-8e4e2c3557da,ca591eef-e808-4df8-9b56-110ed32e98cc,cc5a6179-d765-4d72-ba79-6ceb6d5e918b,ce87074f-da32-47ae-82cd-ee44f6695418,d2b8df65-0753-4a94-b9a3-3dbac4b53cba,eaa86260-49a1-462d-befc-d8bf32a5f158,ebb95208-d923-4b66-af5f-d827b82ce0d3,f2e61e19-35b6-451e-8fa4-95003144d822,fa50f3cc-4b1c-4702-b106-139b6043d075,08925141-de74-4589-91ce-52e1a317ad9c,0ea4b66b-873a-4faf-8e00-c55d200645d4,310df5b3-1f4a-4239-bcad-d94865b69148,3fbf8ded-41ea-49e8-a165-51c9ccb039a5,70b36681-89f7-469b-9cee-d58af9d1024f,85a36726-8b19-4991-a27c-f033c33fffae,861f20bc-9049-45d1-abbf-ece9feb8c545,b2f98d19-c4cb-4721-8e82-31519079ac1e,cdf9d24c-707a-4047-acfd-16e71e44d4f3,de9ea2d3-d78e-4305-b7c2-9ead617b45bc,a4e7fbd4-a784-4ef7-baf0-d4391572ff08,c06a6545-9aab-4dc6-af83-0a1f4e82eba6,d47188c4-9eac-48c4-be4d-a0a255840c4a,1c459cec-beff-4cc4-91ab-a8db8c6a6c97,1ec582c6-97ea-44c6-bb24-f75c24bb114f,3daccd69-bfda-4971-a2b4-86cb29055a61,3eb7272a-6b33-469f-bdee-73604627a0b8,5e5e2d66-3c42-46fa-8271-1167aa54bfc7,6b46c019-1fb1-4335-ab19-1c0c0004ae0f,72dcdb4b-e7fb-4c52-9e7e-089d458b4c81,744555cf-e071-4000-a9d6-b871ec0858a3,7da25bac-7d69-452c-8c57-8608b4f359b1,b47ccbe7-088a-4a64-a995-16927eb8458b,dd7f7c72-6b82-4cfd-beca-018bfab40f72,ed0d9e81-1a78-46b0-a4b3-b4aeb9786da8,0fe64fd4-009d-47cf-9b06-d92ee46e0cba,2812aa9b-1982-48d2-a2dd-aadf1e68faca,32f1e27f-374c-4a7d-a373-9587267c8b9a,3cc5d065-cedb-4997-865c-dfb6eabc801e,5b7f2c06-b7ac-4b5d-a355-fda4fd002326,6f33a300-ba24-4f87-b314-76bf0ddb4f78,895d123c-f81e-459a-8455-f0b10638be8b,90647131-fb67-46a3-a478-e893d217c287,ce2718bf-c5d1-438d-8cfd-823f1eb9a4eb,e3f49d5c-e57f-4704-a601-b30342ca7dcb,f1c11073-cef6-4620-b65a-35e579d9f61b,07a1a6eb-7e03-4ab0-89b8-4c86aa50910b,08eadeef-2e08-44b4-b3d2-40035dad7fb5,1e64181d-be0e-4ded-bcf5-da0c76e35943,225eee51-3673-4f91-8d60-4675e2d4803a,43e3e6c0-f095-4a3e-b2e3-1acc25cb9422,613b4fb1-35f4-40aa-a2bf-5d7d2e5e0f43,6493911e-a3f4-428c-ad81-845415c6076e,9f406118-67c3-43d6-a23a-924bcc319381,a1465b02-4aa0-4982-a28c-444082dc71b9,c2bec66a-2c8e-49a9-abad-8fe94d88245e,c66bf0f3-7b5f-48f8-a516-3579cb98c588,e3ed2056-e8bd-446b-b24c-7ad7d588b3e3
1,0,0,0,0,0,0,0,0,0,0,0,0,0,0,0,0,0,0,0,0,0,0,0,0,0,0,0,0,0,0,0,0,3,0,0,0,0,0,0,0,0,0,0,0,0,0,0,0,0,0,0,0,0,0,0,0,0,0,0,3,0,0,0,0,0,0,0,0,0,0,0,0,0,0,0,0,0,0,0,0,0,0,0,0,0,0,0,0,0,0,0,0,0,0,0,0,0,0,0,0,0,0,0,0,0,0,0,0,0,0,0,0,0,0,0,0,0,0,0,0,0,0,0,0,0,0,0,0,0,0,0,0,0,0,0,0,0,0,0,0,5,3,0,0,3,2,4,2,4,0,0,0,0,2,0,0,0,0,0,0,0,2,0,0,0,0,0,3,0,0,2,0,4,0,0,0,3,0,4,0,0,0,0,3,2,0,0,2,3,0,0,0,0,0,0,0,5,5,3,0,0,0,0,0,5,0,2,2,4,0,5,0,4,0,0,0,0,0,0,1,0,0,0,0,0,5,2,0,5,3,0,0,0,4,3,0,0,0,0,0,0,0,5,5,0,0,3,0,4,4,0,0,5,0,3,0,5,0,5,5,2,0,0,2,0,0,2,0,0,0,0,0,2,0,4,0,0,0,0,0,5,2,3,0,0,0,2,3,0,2,0,5,0,5,5,0,4,0,0,2,0,0,0,0,0,2,0,0,0,2,0,3,0,0,0,0,0,0,0,0,0,0,0,0,0,0,0,0,0,0,0,0,0,0,0,0,0,0,0,0,0,0,0,0,0,0,0,0,0,0,0,0,0,0,0,0,0,0,0,0,0,0,0,0,0,0,0,0,0,0,0,0,0,0,0,0,0,0,0,0,0,0,0,0,0,0,0,4,0,0,0,0
2,3,0,0,0,3,0,0,0,4,3,0,5,5,0,3,0,0,5,0,0,0,0,0,0,5,0,0,0,5,5,0,0,4,0,0,2,0,0,0,0,0,0,0,0,0,0,5,0,4,0,3,0,0,0,0,2,4,0,0,2,0,4,0,0,0,0,0,0,4,0,0,0,2,0,0,3,5,0,0,3,0,0,0,0,5,0,4,0,0,4,0,0,0,5,0,5,2,0,3,2,0,5,5,4,3,0,0,0,4,0,0,2,4,5,4,0,3,3,0,0,0,0,0,0,0,4,0,0,2,0,0,0,0,0,0,4,5,0,0,0,0,0,0,0,0,0,0,0,0,0,0,0,0,0,0,0,0,0,0,0,0,0,0,0,0,0,0,0,0,0,0,0,0,0,0,0,0,0,0,0,0,0,0,1,0,0,0,0,0,0,0,0,0,0,0,0,1,0,0,0,0,0,0,0,0,0,0,5,0,0,0,0,0,5,0,0,5,4,0,0,0,0,0,3,0,0,0,0,0,0,0,0,0,0,0,0,0,0,0,0,0,0,0,0,0,0,0,0,0,0,0,0,0,0,0,0,0,0,0,0,0,0,0,0,0,0,0,0,0,0,0,0,0,0,0,0,5,0,0,0,0,0,0,0,0,0,0,0,0,0,0,0,0,0,0,0,0,0,0,0,0,0,0,0,0,0,0,0,0,0,0,0,2,0,0,0,0,0,0,2,0,0,0,4,0,0,5,5,0,0,0,0,0,0,0,3,0,0,0,0,5,5,0,0,0,0,0,3,0,0,0,0,0,5,0,0,0,0,0,0,0,4,0,0,3,0,2,0,0,0,0,3,0,5,0,0,2,0,5,0,0,0,0,5,0,0,3,0,2,0,0,0
3,0,0,0,0,2,0,2,4,0,0,0,0,0,5,3,5,4,0,0,4,0,5,2,0,3,3,0,0,5,0,0,0,0,4,0,0,0,0,0,0,5,4,0,5,3,0,0,0,0,0,0,0,0,0,0,0,0,0,0,0,0,0,0,0,0,0,0,4,0,0,2,0,0,2,0,0,0,0,2,5,0,0,4,0,2,0,0,4,0,0,0,4,0,4,0,0,0,4,0,0,4,0,0,4,0,0,0,0,3,0,0,0,0,0,0,2,4,0,0,0,0,0,0,0,0,2,0,0,5,0,0,4,0,5,0,0,2,0,0,0,0,0,1,0,0,0,0,0,0,0,0,0,0,0,0,0,0,0,0,0,0,0,0,0,0,0,0,0,0,0,0,0,0,0,0,0,0,0,0,0,0,0,0,0,0,0,0,0,0,0,0,0,0,0,0,0,0,0,0,0,0,0,0,0,0,0,0,0,0,0,0,0,0,0,0,0,0,3,2,5,0,0,0,0,0,0,0,0,0,0,0,0,0,0,0,0,0,0,0,0,0,0,0,0,0,0,0,0,0,0,0,0,1,0,0,0,0,0,0,0,0,0,0,0,0,0,0,0,0,0,0,0,0,0,0,0,0,0,0,0,0,0,0,0,0,0,0,0,0,0,0,0,0,0,0,0,0,0,0,0,0,0,0,0,0,0,0,0,0,0,0,0,0,0,2,0,0,2,0,0,0,2,0,0,0,0,5,0,0,0,0,3,0,0,0,0,0,3,3,0,4,0,0,0,0,0,0,0,0,0,3,5,2,2,5,5,0,0,4,5,0,2,0,0,0,0,0,0,2,4,3,0,0,0,0,3,0,0,0,0,0,0,0,0,0,0,0,0,0,2,4,5
4,0,0,0,0,0,0,0,0,0,0,0,0,0,0,0,0,0,0,0,0,0,0,0,0,0,0,0,0,0,0,0,0,0,0,0,0,0,0,0,0,0,0,0,0,3,0,0,0,0,0,0,0,0,0,0,0,0,3,0,0,0,0,0,0,0,0,0,0,0,0,0,0,0,0,0,0,0,0,0,0,0,0,0,0,0,0,0,0,0,0,0,0,0,0,0,0,0,0,0,0,0,0,0,0,0,0,0,0,0,0,0,0,0,0,0,0,0,0,0,0,0,0,0,0,0,0,0,0,0,0,0,0,0,0,0,1,0,0,3,0,0,3,0,0,0,0,0,0,0,3,0,4,5,0,0,4,0,0,5,3,5,0,0,0,0,0,0,0,0,0,3,4,0,3,3,0,4,4,3,0,0,5,0,3,0,4,0,0,2,0,5,0,0,0,0,0,5,4,0,0,4,0,0,0,0,0,3,2,0,0,2,2,5,0,0,0,0,0,0,0,0,0,0,0,0,0,0,0,2,0,4,3,0,0,0,0,0,2,0,0,0,0,0,0,0,4,0,0,0,0,3,2,3,0,4,0,3,0,4,0,0,0,0,0,0,2,0,0,2,5,0,0,0,0,0,0,2,0,3,4,0,0,0,0,0,4,2,5,0,0,0,0,5,0,0,2,0,0,0,0,2,0,0,0,4,0,0,5,2,0,3,0,0,0,0,0,0,0,0,0,0,0,0,0,0,0,0,4,0,0,0,0,0,0,0,0,0,0,0,0,0,0,0,0,0,0,0,0,0,0,0,0,0,0,0,0,0,0,0,0,0,0,0,0,0,0,0,0,0,0,0,0,0,0,0,0,0,0,0,0,0,0,0,0,0,0,0,0,0,0,0,0
5,4,0,5,0,0,0,0,3,0,0,4,0,4,0,0,0,0,0,0,0,0,0,2,4,0,0,0,2,0,1,5,0,0,0,0,4,0,0,0,0,0,0,0,0,0,0,0,4,5,0,3,0,0,0,0,2,0,0,0,0,0,4,3,2,0,0,0,0,0,5,0,0,3,3,0,0,5,0,2,4,0,3,0,3,0,0,0,5,3,0,0,2,4,0,0,0,0,0,0,0,2,0,5,0,0,0,0,5,5,0,0,5,0,0,0,0,0,0,0,0,0,0,0,0,2,0,0,0,0,5,3,5,2,3,0,0,0,0,0,0,0,0,0,0,0,0,0,0,0,0,0,0,0,0,0,0,0,0,0,0,0,0,0,0,0,0,0,0,0,0,0,0,0,0,0,0,0,0,0,0,0,0,0,0,0,0,0,0,0,0,0,0,0,0,0,0,0,0,0,0,0,0,0,0,0,0,0,0,0,0,0,0,0,0,4,0,0,0,0,0,0,0,0,0,0,0,0,0,0,3,0,0,0,0,0,0,0,0,0,0,0,0,0,0,0,0,0,0,0,0,0,0,0,0,0,0,0,0,0,0,0,0,0,0,0,0,0,0,0,0,0,0,0,0,0,0,0,0,0,0,0,0,0,0,0,0,0,0,0,0,0,0,0,0,0,0,0,0,0,0,0,0,0,0,0,0,0,0,0,0,0,0,0,0,0,0,0,4,0,4,0,0,0,0,0,5,0,0,5,0,5,5,0,0,0,0,0,0,0,0,3,3,0,0,0,3,0,0,3,3,0,0,4,0,4,2,3,0,0,0,0,0,3,0,0,4,0,0,0,2,0,4,0,4,0,2,0,5,0,4,0,0,0,0,2,0,0,4,0,3,0,0
6,0,0,0,0,0,0,0,0,0,0,0,0,0,0,0,0,0,0,0,0,0,0,0,0,0,0,0,0,0,0,0,0,0,0,0,0,2,0,0,0,0,0,1,0,0,0,0,0,0,0,0,0,0,0,0,0,0,0,0,0,0,0,0,0,0,0,5,0,0,0,0,0,0,0,0,0,0,0,0,0,0,0,0,0,3,0,0,0,0,0,0,0,0,0,0,0,0,0,0,0,0,0,0,0,0,0,0,0,0,0,0,0,0,0,0,0,0,0,0,0,0,0,0,0,0,0,0,0,0,0,0,0,0,0,0,0,0,0,4,0,5,0,5,4,0,3,4,4,0,2,0,0,2,0,0,3,0,0,0,0,0,0,0,0,0,0,0,0,0,0,0,0,0,0,0,2,0,2,0,0,0,0,0,0,4,5,0,0,0,0,0,0,0,0,0,0,0,5,0,0,0,0,0,0,3,2,3,0,3,0,0,2,0,0,0,0,0,0,0,0,0,0,0,0,0,0,4,4,0,2,3,0,4,0,4,2,0,0,2,4,0,5,0,4,0,0,0,0,5,0,0,5,0,5,0,3,0,5,0,3,0,0,3,3,0,4,0,5,0,0,0,0,0,2,0,2,0,0,3,5,0,0,0,4,0,0,0,0,4,2,3,3,0,5,0,5,3,0,5,0,3,0,4,3,4,5,0,0,0,0,0,0,0,0,0,0,0,0,0,0,0,0,0,0,0,0,0,0,0,0,0,0,0,0,0,0,0,0,0,0,0,0,0,0,0,0,0,0,0,0,0,0,0,0,0,0,0,0,0,0,0,0,0,0,0,0,0,0,0,0,0,0,0,0,0,0,0,0,0,0,0,0,0,0,0,0,0,0,0,0,0,0
7,5,0,0,0,0,0,0,4,5,0,2,3,0,3,0,0,0,0,0,0,0,4,0,5,0,5,0,0,0,0,0,0,0,0,2,0,0,0,5,0,0,0,0,5,2,0,0,0,0,0,0,0,0,0,0,4,0,0,0,0,0,2,3,0,0,2,0,4,0,4,0,0,0,0,5,4,0,0,0,0,0,2,0,1,0,3,0,4,0,3,0,4,0,0,0,0,0,2,0,0,4,2,4,0,0,0,0,0,5,3,0,0,0,3,0,0,0,0,0,0,2,0,0,0,2,0,0,0,5,0,0,2,2,5,2,0,0,0,0,0,0,0,0,0,0,0,0,0,0,0,0,0,0,0,0,0,0,0,0,0,0,0,0,0,0,0,0,3,0,0,0,0,0,0,0,0,0,0,0,0,0,0,0,0,0,0,0,0,0,0,0,0,1,0,5,0,0,0,0,0,0,0,0,0,0,0,0,0,0,0,0,0,0,0,0,0,0,2,0,0,0,0,0,2,0,0,0,0,0,0,0,0,0,0,0,0,0,0,0,0,0,0,0,0,0,0,0,0,0,0,0,0,0,0,0,0,0,0,0,0,0,0,0,0,0,0,0,0,0,0,0,0,0,0,0,0,0,0,0,0,0,0,0,0,0,0,0,0,0,0,0,0,0,0,0,0,0,0,0,0,0,0,0,0,0,0,0,0,0,0,0,0,1,2,0,0,0,0,5,2,2,3,0,0,0,0,5,0,0,0,2,0,0,0,5,5,0,4,0,0,0,2,0,4,0,0,4,0,2,0,0,0,0,0,0,0,0,0,0,3,0,3,3,4,5,0,0,0,3,0,0,0,0,0,4,0,0,0,3,0,0,0,0,0,4,0,0,0,5,5,0,3
8,0,5,0,0,3,0,4,0,3,3,0,5,0,0,0,0,0,3,0,5,3,0,0,0,4,3,0,0,0,0,0,2,4,0,5,3,0,0,0,0,1,0,3,2,0,0,3,0,2,2,0,4,0,3,0,4,0,0,0,4,0,0,0,4,0,0,0,3,0,0,0,0,0,0,0,0,0,1,4,0,0,4,0,0,0,0,0,0,0,2,0,0,4,4,0,0,0,5,2,0,0,0,0,0,0,0,0,0,0,0,0,0,0,4,3,2,0,0,4,2,4,0,2,4,4,0,0,0,0,0,3,0,3,4,0,5,0,2,4,0,0,0,0,0,0,0,4,0,0,0,0,0,2,0,0,0,0,0,0,0,0,0,0,1,0,0,0,0,0,0,0,0,0,0,0,0,0,0,0,0,0,0,0,0,0,0,0,0,0,0,0,0,0,0,0,0,0,0,0,0,0,0,0,0,0,0,0,0,0,0,0,0,0,0,2,0,3,0,3,0,0,2,0,0,0,0,0,0,0,0,0,1,0,0,0,0,0,1,0,0,0,0,0,0,0,0,0,0,0,0,0,0,0,0,0,0,0,0,0,0,0,0,0,0,0,0,0,0,0,0,0,0,0,0,0,0,0,0,0,0,0,0,0,0,0,0,0,0,0,0,0,0,0,0,0,0,0,0,0,0,0,0,0,0,0,0,0,0,0,0,0,0,0,1,0,0,2,0,2,0,0,2,5,0,0,0,2,0,4,0,0,0,3,0,0,0,0,0,2,0,0,4,0,0,0,5,0,0,0,2,0,0,0,0,4,0,0,4,0,0,4,5,0,0,3,0,0,0,0,0,0,4,0,3,3,2,0,0,0,0,3,0,0,0,0,3,5,0,2,4,3,2
9,0,0,0,0,0,0,0,3,0,0,0,0,0,0,0,0,0,0,0,0,0,0,0,0,0,0,0,0,0,0,0,0,0,0,0,0,0,0,0,0,0,0,0,0,0,0,0,0,0,0,0,0,0,0,0,0,0,0,0,0,0,0,0,0,0,0,0,0,0,0,0,0,0,0,0,4,0,0,0,0,0,0,0,0,0,0,0,0,0,0,0,0,0,0,0,0,0,0,4,0,0,0,0,0,0,0,0,0,0,0,1,0,2,0,0,0,0,0,0,0,0,0,0,0,0,4,0,0,0,0,0,0,0,0,2,0,0,0,0,2,2,0,2,5,0,5,0,3,0,0,0,4,0,5,0,4,0,0,0,0,0,2,3,0,0,4,4,0,0,5,5,0,4,5,0,5,0,0,0,0,0,3,0,0,0,5,5,2,0,0,0,0,0,5,5,0,0,2,0,0,0,3,2,0,0,0,3,0,5,2,0,0,0,0,0,0,0,0,0,0,0,0,0,0,0,0,0,5,0,0,0,0,3,2,3,0,0,0,0,0,5,2,0,0,0,0,0,0,3,0,0,5,0,0,0,0,0,4,0,4,3,0,0,0,0,0,4,0,0,0,0,0,0,0,3,3,0,0,0,0,2,3,0,0,4,0,2,2,0,0,3,0,0,1,0,0,2,0,0,0,0,4,0,0,3,0,0,0,4,0,0,0,0,0,0,0,0,0,0,0,0,0,0,0,0,0,0,0,0,0,0,0,0,0,0,0,0,0,0,0,0,0,0,0,0,0,0,1,0,0,0,0,0,0,0,5,0,0,0,0,0,0,0,0,0,0,0,0,0,0,0,0,0,0,0,0,0,0,0,0,0,0,0,0,0,0,0,0,0,0,0,0
10,0,2,0,0,0,3,2,0,0,5,0,0,0,2,5,0,0,0,4,0,0,0,5,0,0,0,0,5,0,0,4,0,0,0,0,0,0,0,0,3,0,0,0,0,0,4,0,2,0,0,5,0,0,0,0,0,3,0,0,0,2,0,0,0,2,0,2,0,0,0,0,0,0,0,0,0,0,0,0,0,0,2,0,5,3,4,0,0,5,0,0,3,0,0,0,0,0,0,0,0,2,4,3,0,0,5,3,3,0,0,5,0,0,0,0,2,0,0,3,0,0,0,0,0,0,4,2,0,5,0,3,0,0,0,0,0,0,0,0,0,0,0,0,0,0,0,0,0,0,0,0,0,0,0,0,0,2,0,0,0,0,0,0,0,0,0,0,0,0,0,0,0,0,0,5,0,0,5,0,0,0,0,0,0,0,0,0,0,0,0,0,0,0,0,0,0,0,0,0,0,0,0,0,0,0,0,0,0,0,0,0,1,0,0,2,2,4,5,2,0,0,0,0,0,2,0,0,0,0,0,0,0,0,0,0,0,0,0,0,0,0,0,0,0,0,0,0,0,0,0,3,0,0,0,0,0,0,0,0,0,0,0,0,0,0,0,0,0,0,0,0,0,0,0,0,0,0,0,0,0,0,0,0,0,0,0,0,1,0,4,0,0,0,0,0,0,0,0,0,0,0,0,0,0,0,0,0,0,0,0,0,0,0,0,0,2,0,3,4,0,2,2,0,0,0,0,4,0,2,0,3,0,0,0,0,3,0,0,0,5,0,5,0,0,2,0,0,0,4,0,0,0,0,0,0,4,5,0,0,0,0,0,4,0,0,2,0,0,2,0,0,0,0,4,0,4,2,0,0,5,0,0,5,3,3,0,0,0,0,0,0,0
11,0,0,4,0,0,0,0,0,0,0,0,0,0,0,0,0,0,0,0,0,0,0,0,0,0,0,0,0,0,0,0,0,0,0,0,0,0,0,0,0,0,0,0,0,0,0,0,0,0,0,0,0,0,0,0,0,0,0,0,0,0,0,0,0,0,0,0,0,0,0,0,0,0,0,0,0,0,0,0,0,0,5,0,0,0,0,0,0,0,0,0,0,0,0,0,0,0,0,0,0,0,0,0,0,0,0,0,0,0,0,0,0,0,0,0,0,0,0,0,0,0,0,0,0,0,0,0,0,0,0,0,0,0,0,0,0,0,0,4,2,0,0,0,2,5,0,0,0,0,0,4,0,0,2,5,0,0,0,0,5,3,5,2,2,0,0,0,5,3,3,0,3,0,4,0,0,3,0,0,0,0,0,0,0,5,0,0,2,4,0,2,3,2,3,3,0,0,5,0,0,0,2,5,0,0,0,0,0,0,0,0,3,4,0,0,0,0,0,0,0,0,0,0,0,0,0,0,0,0,0,0,0,0,0,4,2,3,0,3,4,4,5,4,0,0,0,0,5,4,0,0,4,0,0,3,0,0,2,0,0,0,0,0,0,0,2,0,0,2,0,0,0,0,0,0,2,0,0,0,5,5,3,0,0,3,0,3,0,0,4,2,0,0,0,5,0,0,0,0,5,5,0,0,0,0,0,5,0,0,4,0,0,0,0,0,0,0,0,0,0,0,0,0,0,0,0,0,0,0,2,0,0,0,0,0,0,0,0,0,0,0,0,0,0,0,0,0,0,0,0,0,0,0,0,0,0,0,0,0,0,0,0,0,0,0,0,0,0,0,0,0,0,0,0,0,0,0,0,0,0,0,0,0,0,0,0,0,0,0,0,0,0
12,0,2,5,2,4,0,0,0,0,0,3,4,0,0,0,0,2,5,0,0,0,0,0,0,0,2,0,3,0,3,0,0,0,0,0,0,0,0,0,3,0,0,0,0,0,3,0,0,0,0,2,0,0,3,1,0,0,2,0,0,0,5,0,3,0,0,0,0,0,4,2,0,0,0,0,4,0,0,5,0,0,0,0,0,0,0,0,0,0,0,4,4,5,0,0,5,5,0,0,4,2,0,4,0,0,0,0,4,0,0,0,0,2,0,0,0,0,2,2,0,2,5,3,0,4,0,0,2,0,5,0,3,0,0,0,2,0,0,0,0,0,0,0,0,0,0,0,1,0,0,0,0,0,0,0,0,0,0,0,0,0,0,0,0,0,1,0,0,0,0,0,0,0,0,0,1,0,0,0,0,0,0,0,0,5,0,1,0,0,0,0,0,0,0,0,0,0,0,0,0,0,0,0,0,0,0,0,0,0,2,0,0,0,5,2,0,0,0,0,0,0,0,5,0,0,0,0,0,0,0,0,0,0,0,0,0,0,0,0,0,0,0,0,0,0,0,0,0,0,0,0,0,0,0,0,0,0,0,0,0,0,0,0,0,0,0,0,0,0,0,0,0,0,0,0,0,0,0,0,0,0,0,0,0,0,0,0,0,0,0,0,0,0,0,0,0,0,0,0,0,0,0,0,0,0,0,0,0,0,0,0,0,0,3,3,4,0,4,4,0,0,5,0,0,0,0,0,3,0,3,0,0,0,0,0,2,0,2,5,0,0,0,0,0,5,2,0,0,5,0,0,0,0,4,0,0,4,2,0,0,2,3,0,0,0,0,4,2,0,0,0,5,0,0,2,0,0,0,0,0,0,0,0,0,0,0,0,0,0,0,0,3
13,0,0,0,0,0,0,0,0,0,0,0,0,0,0,0,0,0,0,0,0,0,0,0,0,0,0,0,0,0,0,0,0,0,0,0,0,0,0,0,0,0,0,0,0,0,0,0,0,0,0,0,0,0,0,0,0,0,0,0,0,0,0,0,0,0,0,0,0,0,0,0,0,0,0,0,0,0,0,0,0,0,0,0,0,0,0,0,0,0,0,0,0,0,0,0,0,0,0,0,0,0,0,0,0,0,0,0,0,3,0,0,0,0,1,0,0,0,0,0,0,0,0,0,0,0,0,0,0,0,0,0,0,0,0,0,0,0,0,0,5,0,0,0,0,2,0,0,0,4,4,0,0,0,2,0,0,5,0,0,0,0,0,3,0,0,0,0,4,0,2,0,0,0,2,4,4,0,0,0,0,0,3,0,0,0,0,0,0,2,0,0,0,0,2,0,0,0,0,0,0,4,3,0,0,0,3,5,0,5,0,3,0,3,0,0,0,0,0,0,0,0,0,0,0,0,4,0,2,0,3,0,0,3,0,0,5,0,3,0,4,5,0,4,0,0,0,0,0,0,0,0,2,0,0,2,3,0,0,0,0,0,2,0,0,5,4,0,5,0,0,0,0,0,0,0,5,0,0,3,0,3,0,0,0,0,0,0,0,3,0,0,0,4,4,0,3,0,0,0,0,2,0,0,0,2,0,0,0,2,0,0,5,0,0,0,0,0,3,0,0,0,0,0,0,0,0,0,0,0,0,0,0,0,0,0,0,0,0,0,0,0,0,0,0,0,0,0,0,0,0,0,0,0,0,0,0,0,0,0,0,0,0,0,0,3,0,0,0,0,0,0,0,0,3,0,0,0,0,0,0,0,0,0,2,0,0,0,0,0,0,0,0
14,0,0,0,0,0,0,0,5,4,5,0,4,0,2,0,0,0,0,0,0,0,3,0,5,0,0,0,0,0,0,0,0,0,2,3,0,0,2,0,4,0,0,0,0,0,0,3,0,2,0,2,0,0,2,0,0,0,3,0,0,0,3,0,0,0,0,0,0,0,0,0,0,0,0,0,5,2,0,5,0,2,0,0,0,0,0,0,0,0,0,0,0,0,0,0,0,0,0,0,0,2,0,0,0,0,0,5,0,0,3,4,2,0,0,0,3,0,4,0,4,0,2,3,5,4,0,4,4,0,4,3,5,0,0,4,0,0,0,0,0,1,0,0,0,0,0,0,0,0,0,0,0,0,0,0,0,0,0,0,0,0,0,0,0,0,0,0,0,0,0,0,0,0,0,1,0,0,0,0,0,0,0,0,0,0,0,0,0,0,0,0,0,0,0,0,0,0,0,0,0,0,0,0,0,0,0,0,0,0,0,0,0,0,2,2,5,0,0,4,0,0,0,0,0,0,0,0,0,0,0,0,0,0,0,0,0,0,2,0,0,0,0,0,0,0,0,0,0,0,0,0,0,0,0,0,0,0,0,0,5,0,0,0,0,0,0,0,0,0,0,0,0,0,0,0,0,0,0,0,0,0,0,0,0,0,0,0,0,4,0,0,0,0,0,0,0,0,0,0,0,0,0,0,0,0,0,0,0,0,0,0,0,0,0,0,0,0,3,0,2,0,3,0,4,0,0,0,0,0,4,5,0,0,4,0,0,0,3,0,0,5,0,3,5,0,0,0,0,2,5,0,0,0,0,0,2,0,0,0,0,4,0,0,0,0,0,5,0,0,0,0,0,0,0,0,3,0,0,5,0,0,4,0,0,0,0,0,0,0,3,5,2
15,0,0,0,5,0,0,2,0,0,2,0,0,0,0,0,2,3,0,2,0,2,0,5,0,0,0,0,0,3,0,0,0,0,4,0,0,0,0,5,0,0,1,0,3,2,0,0,0,0,0,0,0,4,0,4,0,5,5,0,3,0,0,0,0,5,0,0,0,0,0,0,3,0,0,4,2,0,3,5,0,0,0,0,0,2,0,0,0,0,0,2,4,0,0,3,0,4,0,0,4,0,0,0,0,0,5,0,0,0,0,0,0,0,0,4,0,0,0,0,0,0,3,5,2,0,0,0,0,0,0,0,0,2,0,5,0,0,0,0,0,0,0,0,0,0,0,0,0,0,0,5,0,0,0,0,0,0,0,0,0,0,0,0,0,0,0,0,0,0,0,0,0,0,0,0,0,0,0,0,4,0,0,0,0,0,0,0,0,0,0,0,0,0,0,0,0,0,0,0,0,5,0,0,0,0,0,0,0,0,0,0,0,0,0,0,0,0,2,4,0,0,0,0,0,0,0,0,0,0,0,0,0,0,0,0,0,0,0,0,0,0,0,0,0,0,0,0,0,0,0,0,0,0,0,0,0,0,0,0,0,0,0,0,0,0,0,0,0,0,0,0,0,0,0,0,0,0,0,0,0,0,0,0,0,0,0,0,0,0,0,0,0,0,0,0,0,0,0,0,0,0,0,0,0,0,0,0,0,0,0,0,0,0,0,0,2,3,0,0,0,0,0,0,0,2,0,0,0,4,0,0,4,0,0,0,0,0,0,0,0,5,5,0,0,0,4,4,0,0,4,0,0,0,0,0,2,0,4,0,0,0,0,0,0,0,4,5,0,0,0,0,2,2,0,0,0,0,0,4,0,0,4,5,0,0,0,0,0,2,2,0,4
16,0,0,0,0,0,0,0,0,0,0,0,0,0,0,0,0,0,0,0,0,5,0,0,0,0,0,0,0,0,0,0,0,0,0,0,0,0,0,0,0,0,0,0,0,0,0,0,0,0,0,0,0,0,0,0,0,0,0,0,0,0,0,0,0,0,0,0,0,0,0,0,0,0,0,0,0,0,0,0,0,0,0,0,0,0,0,0,0,0,0,0,0,0,0,0,0,0,0,0,0,0,0,0,0,0,0,0,0,0,0,0,0,0,0,0,0,0,0,0,0,0,0,0,0,4,0,0,0,0,0,0,0,0,0,0,0,0,0,4,0,0,0,0,0,0,0,0,0,0,0,0,0,3,0,0,4,3,0,5,5,0,5,0,0,3,2,0,0,4,4,5,2,0,0,5,4,0,0,0,0,0,5,0,0,2,4,0,5,2,0,5,0,0,0,0,2,0,0,0,0,0,2,5,0,0,2,5,0,0,0,0,0,3,0,0,0,0,5,0,0,0,1,0,0,0,0,0,0,0,0,5,0,0,0,0,0,0,0,0,0,0,0,0,2,0,5,5,5,0,0,0,0,3,0,4,0,3,4,0,0,0,0,3,3,0,0,3,0,4,0,5,0,0,0,0,4,0,0,0,2,3,5,0,2,0,0,0,0,0,0,0,0,0,0,0,0,0,0,0,5,0,0,2,0,0,4,2,0,0,3,0,4,0,0,0,0,0,0,0,0,0,0,0,0,0,5,0,0,0,0,0,0,0,0,0,0,0,0,0,0,0,0,0,0,0,0,0,0,0,0,0,0,0,0,0,0,0,0,0,0,0,0,0,0,0,0,0,0,0,0,0,0,0,0,0,0,0,0,0,0,0,0,0,0,0,0,0,0,0,0,0,0
17,2,0,0,0,3,3,0,0,4,0,0,5,0,3,5,5,0,0,4,0,0,0,2,0,0,2,0,5,0,0,0,2,0,0,0,5,3,0,4,5,2,0,0,0,3,0,4,3,2,0,0,0,2,0,2,0,3,3,0,0,4,4,3,2,3,2,0,3,4,0,0,0,0,0,3,2,5,0,0,2,0,0,0,0,0,5,3,3,0,0,0,4,0,0,5,5,2,0,0,0,3,0,5,0,0,0,0,5,0,2,1,0,0,4,3,0,0,0,0,0,0,0,4,0,0,0,0,2,2,0,0,4,4,0,0,0,0,0,0,0,0,0,0,0,0,0,0,0,0,0,0,0,0,0,0,0,0,0,0,0,0,0,0,0,0,0,0,0,0,0,0,0,0,0,2,0,0,0,0,0,0,0,0,0,0,0,0,0,0,0,0,0,0,0,0,0,0,0,0,0,0,0,0,0,0,0,5,0,0,0,0,0,0,4,2,0,0,2,0,0,0,0,0,5,0,0,0,0,0,0,0,0,0,0,0,0,0,0,0,0,0,0,0,0,0,0,0,0,0,0,0,0,3,0,0,0,0,0,0,0,0,0,0,0,0,0,0,0,0,0,0,0,0,0,0,0,0,0,0,2,0,0,0,0,0,0,0,0,0,0,0,0,0,0,0,0,0,0,0,0,0,0,0,0,0,0,0,0,2,0,0,0,4,0,0,0,4,0,0,0,0,0,0,0,0,0,5,5,5,0,0,4,0,0,0,0,0,3,0,0,0,2,0,0,0,0,5,4,0,2,0,0,3,0,0,3,2,2,4,3,0,0,2,0,0,0,0,0,3,0,3,0,5,0,0,0,0,0,0,0,0,0,4,0,0,3,2,0,0,4,0,5
18,5,0,0,0,0,2,0,0,0,0,0,0,0,3,5,0,0,0,0,0,0,0,0,0,3,2,0,0,4,0,0,3,4,0,0,0,3,0,0,3,0,0,0,0,0,0,0,4,3,0,2,0,0,0,0,3,0,0,5,0,0,0,0,0,0,0,2,0,0,4,0,4,0,0,0,0,0,0,0,3,0,0,0,0,0,0,0,4,0,5,0,0,0,0,0,0,0,0,0,2,0,0,0,0,0,0,2,0,0,0,2,0,0,0,0,2,0,0,0,0,0,0,0,0,0,0,0,2,0,0,0,0,4,0,0,4,0,0,0,4,0,0,0,0,0,0,0,0,0,0,2,0,0,0,0,0,0,0,0,0,0,0,3,0,0,0,0,0,0,0,0,0,0,0,0,0,0,0,0,0,0,0,0,0,0,0,0,3,0,0,0,0,0,0,0,4,0,0,0,0,0,0,0,0,0,0,0,0,0,0,0,0,0,3,0,0,0,0,5,0,4,0,0,0,0,0,0,0,0,0,0,0,2,0,0,0,0,3,0,0,0,0,0,0,0,0,0,0,0,0,0,0,0,0,0,0,0,0,0,0,0,0,2,0,0,0,0,0,0,0,0,0,0,0,0,0,0,0,0,0,0,0,0,0,0,0,0,0,0,0,0,0,0,0,0,0,0,0,0,0,0,0,0,0,0,0,0,0,0,0,0,5,0,3,0,0,2,4,3,5,3,0,0,0,0,2,0,0,0,2,3,0,0,0,0,0,0,0,0,0,0,0,0,0,0,2,0,0,3,0,0,0,0,0,0,5,0,4,0,0,2,0,0,0,0,0,0,0,2,0,5,0,0,3,0,0,0,0,0,0,0,4,0,3,0,0,0,4,0,2,2,4
19,0,0,0,5,0,0,3,0,0,3,0,0,4,0,0,5,0,5,4,0,0,0,0,0,0,0,0,0,0,2,0,0,0,5,0,0,0,2,0,0,0,0,0,3,0,4,0,0,3,0,0,0,0,0,0,0,0,2,0,0,0,4,4,0,0,3,0,0,0,0,4,0,0,0,5,5,0,0,0,0,0,4,0,5,0,4,0,0,0,0,0,4,0,0,2,0,0,3,0,0,0,0,5,0,0,0,0,0,0,0,0,5,0,0,0,0,0,0,0,0,0,0,0,0,0,0,0,5,4,3,0,3,0,5,0,5,3,0,0,0,0,0,0,0,0,0,0,0,0,0,0,0,0,0,0,0,0,0,0,0,0,0,0,0,0,0,0,0,0,0,0,0,0,0,0,0,0,0,0,0,0,0,0,0,0,0,0,0,0,0,0,0,0,0,0,0,0,0,0,0,0,0,0,0,0,0,0,0,0,0,0,0,0,5,0,0,0,0,3,0,0,3,0,0,0,0,0,0,0,0,0,0,0,0,0,0,2,0,0,0,0,0,0,0,0,0,0,0,0,0,0,0,0,0,0,0,0,0,0,0,0,0,0,0,0,5,0,0,0,0,0,0,0,0,0,0,0,0,0,0,0,0,0,0,0,0,3,0,0,0,0,0,0,0,0,0,0,0,0,0,0,0,0,0,0,0,0,0,0,0,0,0,0,0,5,0,0,1,0,3,5,0,5,0,0,3,0,5,0,0,2,4,5,0,0,0,4,5,0,0,0,0,2,4,0,0,0,0,0,0,3,0,0,3,5,0,0,0,2,0,0,0,5,2,0,0,0,3,0,0,0,0,0,0,0,4,0,0,0,0,0,0,0,3,0,0,2,0,0,0,0,0
20,0,0,0,0,0,0,0,0,0,4,0,0,0,0,0,0,0,0,0,0,0,0,0,0,2,5,0,0,4,0,5,0,0,0,5,2,4,0,0,0,0,2,0,0,0,0,5,0,0,0,0,0,0,0,5,0,0,0,0,3,0,3,0,0,4,0,0,0,0,2,0,0,0,5,0,0,0,0,2,2,2,0,0,5,0,0,3,3,0,0,0,0,0,0,0,0,0,0,0,0,3,0,0,2,0,0,0,0,5,5,0,0,0,4,0,2,2,4,0,4,0,0,0,2,0,0,5,2,2,0,0,0,0,5,0,0,4,0,0,0,0,0,0,0,0,0,0,0,0,0,0,0,0,0,0,0,0,0,0,0,0,0,0,0,0,0,0,0,0,0,0,0,0,0,0,0,0,0,0,0,0,0,0,0,0,0,0,0,0,0,0,0,4,0,0,0,0,0,0,0,0,0,0,0,0,0,0,0,0,0,5,0,0,0,0,0,0,0,0,0,0,0,0,4,0,0,0,0,0,0,0,0,0,0,0,0,0,0,0,0,0,0,0,0,4,0,0,0,0,0,0,0,0,0,0,2,0,0,0,0,0,0,0,0,0,2,0,0,0,4,0,0,0,0,0,0,0,0,0,0,0,0,5,0,0,0,0,0,2,0,0,0,0,0,0,0,0,0,0,0,0,0,0,0,0,0,0,0,0,0,0,0,0,0,0,0,4,2,0,2,0,4,4,0,0,0,0,2,3,0,0,2,0,0,0,5,0,0,0,0,0,4,0,0,0,0,0,0,0,0,0,0,0,0,0,0,3,2,0,0,0,0,0,0,3,0,0,0,0,0,0,5,0,2,0,3,0,0,0,0,4,0,2,0,0,5,0,0,5,0,0,0
21,0,0,0,0,0,0,0,0,0,0,0,0,0,0,0,0,0,0,0,0,0,0,0,0,0,0,0,0,0,0,0,5,0,0,0,0,0,0,0,0,0,0,0,0,0,0,0,0,0,0,0,0,0,0,0,0,0,0,0,0,0,0,0,0,0,0,0,0,0,0,0,0,0,0,0,4,0,0,0,0,0,0,0,0,0,0,0,0,0,0,0,0,0,0,0,0,0,0,0,0,0,0,0,0,0,0,0,0,0,0,0,0,0,0,0,0,0,0,0,0,0,0,0,0,0,0,0,0,0,0,0,0,0,0,0,0,0,0,0,0,0,0,0,5,5,2,0,0,5,0,5,3,4,0,2,0,0,0,0,0,0,4,0,0,0,4,0,1,0,0,0,0,2,0,0,3,4,2,5,0,0,5,0,0,0,0,0,0,0,4,0,0,5,0,0,0,4,0,5,3,0,0,0,0,5,0,0,0,0,2,0,2,0,0,0,0,0,0,0,0,0,0,0,0,0,3,0,0,0,4,0,0,4,3,5,0,5,0,4,0,4,0,2,0,0,0,0,0,2,0,5,2,0,0,0,2,0,0,0,3,0,5,5,3,0,0,0,5,0,0,0,0,0,4,5,0,0,5,2,5,0,2,0,3,5,0,0,4,0,0,0,0,2,5,0,0,0,0,0,3,5,0,0,1,0,0,0,0,4,0,0,0,0,0,0,0,0,0,0,0,0,3,0,0,0,0,0,0,0,0,0,0,0,0,0,0,0,0,0,0,0,0,0,0,0,3,0,0,0,0,0,0,0,0,0,0,0,0,0,0,0,0,0,0,0,0,0,0,0,0,0,0,0,0,0,0,0,0,0,0,0,0,0,0,0,0,0,0,2,0,0,0
22,0,0,0,0,0,0,0,0,0,0,0,0,0,0,0,0,0,0,0,0,0,0,0,0,0,0,0,0,0,0,0,0,0,0,0,0,0,0,0,0,0,0,0,0,0,0,0,0,0,0,0,0,0,0,0,0,0,0,0,0,0,0,0,0,0,0,0,0,0,0,0,2,0,0,0,0,0,0,0,0,0,0,0,0,0,0,0,0,0,0,0,0,0,4,0,0,0,0,0,0,0,0,0,0,0,0,0,0,0,0,0,0,0,0,0,0,0,0,0,0,0,0,0,0,0,0,0,0,0,0,0,0,0,0,0,0,0,0,0,0,0,0,4,0,0,3,5,0,3,0,5,0,0,0,0,0,5,3,0,0,0,0,3,0,0,0,0,0,0,0,0,4,0,0,0,0,0,0,0,0,0,0,0,5,0,0,4,0,0,0,0,0,0,3,0,0,0,0,2,0,0,0,0,0,3,5,4,0,0,0,4,0,4,0,0,0,0,0,0,0,0,0,0,0,0,0,0,0,0,0,2,5,4,0,3,0,0,0,5,0,5,5,5,0,0,0,0,5,5,0,0,0,0,0,0,0,3,0,0,5,3,4,5,0,0,0,0,0,0,0,0,0,0,0,0,0,3,0,0,3,0,5,0,5,0,4,0,4,0,0,0,0,0,0,0,2,0,0,3,0,0,0,0,0,0,0,0,0,5,0,0,0,0,0,0,0,0,0,0,4,0,0,0,0,0,3,0,0,0,0,0,0,0,0,0,0,0,0,0,0,0,0,0,0,0,0,0,0,0,0,0,0,3,0,0,0,0,0,0,0,0,0,0,0,0,0,0,0,0,0,0,0,0,0,0,0,0,0,0,0,0,0,0,0,0,0,0,0,0,0,0,0
23,0,0,0,0,0,0,0,0,0,0,0,0,0,0,0,0,0,0,0,0,0,0,0,0,0,0,0,0,0,0,0,0,0,0,0,0,0,0,0,0,0,0,0,0,0,0,0,0,0,0,0,0,0,0,0,0,0,0,0,0,0,0,0,0,0,0,0,0,0,0,0,0,0,0,0,0,0,3,0,0,0,0,0,0,0,0,0,0,0,0,0,0,0,0,0,0,0,0,0,0,0,0,0,0,0,0,0,0,0,0,0,0,2,0,0,0,0,0,0,0,0,2,0,0,0,0,0,0,0,0,0,0,0,0,0,0,0,0,2,2,4,0,0,5,2,0,4,0,0,0,0,5,0,4,0,2,0,0,0,1,0,3,0,0,0,0,0,4,2,0,0,0,5,0,0,0,3,0,0,0,0,0,0,4,0,0,0,0,2,0,0,0,0,5,0,0,0,0,0,0,5,3,0,0,0,0,0,0,5,0,5,0,2,0,1,0,0,0,0,0,0,0,0,0,0,0,0,0,0,0,0,0,0,0,0,0,0,2,0,0,0,0,0,4,5,4,0,0,3,0,0,3,3,0,0,0,4,3,0,0,0,0,2,0,0,0,0,3,0,0,0,0,0,0,0,0,3,0,0,0,3,2,0,3,0,0,5,0,0,5,5,3,0,0,3,0,3,2,0,0,0,0,3,0,3,0,0,5,5,0,2,0,0,0,0,0,0,0,0,0,0,0,0,0,0,0,0,0,0,0,0,0,0,0,0,0,0,0,0,0,0,0,0,0,0,0,0,0,0,0,0,0,0,0,0,0,0,0,0,0,0,0,0,0,0,0,0,0,3,0,0,0,0,0,0,0,0,0,0,0,0,0,0,0,0,0,0,0,0,0,0,0
24,3,0,2,0,0,0,0,0,0,0,0,4,0,0,0,0,0,3,0,0,4,0,4,0,0,5,0,3,0,0,0,0,2,0,4,0,5,0,4,0,0,0,0,0,0,0,3,0,0,4,2,0,2,5,3,3,0,0,0,3,0,0,0,2,3,0,0,0,5,0,4,0,0,0,3,0,0,0,0,5,0,2,0,2,0,0,0,0,0,0,0,0,4,0,5,3,0,0,5,0,0,0,0,4,0,3,0,5,0,0,0,0,0,4,2,0,0,5,0,0,0,3,0,4,0,0,0,0,0,0,0,3,0,0,5,2,0,0,0,0,0,0,0,0,2,0,0,0,0,0,0,0,0,0,0,0,0,0,0,0,0,0,0,0,0,0,0,0,0,0,0,0,0,0,0,0,0,0,0,0,0,0,0,0,0,0,0,0,0,0,0,0,0,0,0,0,0,0,0,0,4,0,0,0,0,0,0,0,0,0,0,0,0,0,1,0,0,2,5,5,0,4,5,0,0,0,0,0,0,0,0,0,0,0,0,2,0,0,0,0,0,0,0,0,0,0,0,0,0,0,0,0,0,0,0,0,0,0,0,0,0,0,0,0,0,0,0,0,0,0,0,0,0,0,0,0,0,0,0,0,0,0,0,0,0,0,0,0,0,0,0,0,0,0,0,0,0,0,0,0,0,0,0,0,4,0,0,0,0,0,0,0,0,5,0,5,2,0,4,0,5,5,0,0,0,0,0,0,0,0,0,0,4,0,0,0,0,0,5,0,4,0,0,0,0,0,0,0,0,0,0,4,0,0,0,0,4,4,0,0,2,0,0,0,0,0,0,0,0,0,0,4,4,0,0,3,0,0,0,0,0,0,0,2,0,0,0,0,0,5,4,4
25,0,0,0,0,0,0,0,0,0,0,0,0,0,0,0,0,0,0,0,0,0,0,0,0,0,0,0,0,0,0,0,0,1,0,0,0,0,0,0,0,0,0,0,0,0,0,0,0,0,0,0,0,0,0,0,0,0,0,0,0,0,0,0,0,0,0,0,4,0,0,0,0,0,0,0,0,0,0,0,0,0,0,0,0,5,0,0,0,0,0,0,0,0,0,0,0,0,0,0,0,0,0,0,0,0,0,0,0,0,0,0,0,0,0,0,0,0,5,0,0,0,0,0,0,0,0,0,0,0,0,0,0,2,0,0,0,0,0,0,4,5,0,3,0,4,4,5,0,3,0,0,0,0,4,0,0,0,0,0,4,0,0,0,0,0,5,0,5,2,0,0,0,0,0,0,0,0,0,4,3,0,3,0,0,3,0,4,5,0,0,0,1,2,0,4,0,0,0,0,0,0,0,2,0,0,0,0,2,0,0,4,0,5,0,0,0,0,0,0,0,0,0,0,0,0,0,0,4,0,0,5,0,0,0,0,0,0,0,0,0,3,2,0,0,3,0,0,0,0,0,3,4,0,0,5,0,0,0,4,0,0,0,5,2,0,0,0,4,0,2,0,0,0,0,0,0,0,0,0,0,0,4,0,0,3,0,0,5,0,0,0,0,0,0,0,0,4,0,4,0,0,0,0,4,0,0,0,0,2,0,3,0,3,0,0,0,0,0,0,0,0,0,0,0,0,0,0,0,0,0,0,0,0,0,0,0,0,0,0,0,0,0,0,0,0,0,0,0,0,0,0,0,0,0,0,0,0,0,0,0,0,0,0,0,0,0,0,0,0,0,0,0,0,0,0,0,0,0,0,0,0,0,0,0,0,0,0,0,0,0,0,0
26,0,0,0,0,0,0,0,0,1,0,0,0,0,0,0,0,0,0,0,0,0,0,0,0,0,0,0,0,0,0,0,0,0,0,0,0,0,0,0,0,0,0,0,0,0,0,0,0,0,0,0,0,0,0,0,0,0,0,0,0,0,0,0,0,0,0,0,0,0,0,0,0,0,0,0,0,0,0,0,0,0,5,0,0,0,1,0,0,0,0,4,0,0,5,0,0,0,0,0,0,0,2,0,0,0,0,0,5,0,0,0,0,0,0,0,0,0,0,0,0,0,0,2,0,0,0,0,0,0,0,0,0,0,0,0,4,0,0,0,0,0,0,4,0,0,2,0,0,0,0,0,2,3,2,0,0,5,1,0,0,0,0,0,0,5,0,5,5,5,0,3,0,0,0,5,4,4,2,2,0,0,0,0,0,0,5,0,0,0,3,0,0,0,2,0,0,3,3,0,0,0,0,3,0,0,0,3,5,0,3,2,5,0,0,0,0,0,0,0,0,0,0,0,0,0,0,4,5,0,5,5,0,0,3,5,5,4,5,0,0,3,0,0,0,2,0,2,0,0,0,0,3,2,0,0,0,0,4,0,0,2,4,4,0,0,0,0,0,0,0,0,2,3,0,0,2,0,0,0,0,2,4,3,0,2,0,0,0,0,4,5,3,2,0,3,0,0,0,4,0,0,5,0,1,0,0,2,0,0,0,0,0,0,0,0,0,0,0,0,0,0,0,0,0,0,0,0,0,0,0,0,0,0,0,0,0,0,0,0,0,0,0,0,0,0,0,0,0,0,0,0,0,0,0,0,0,0,0,0,0,0,0,0,0,0,0,0,0,0,0,0,0,0,0,0,0,0,0,0,0,0,0,0,0,1,0,0,0,0,0,0,0
27,0,2,0,0,2,0,0,0,0,0,4,0,0,0,3,0,2,4,0,0,0,3,4,3,0,2,0,2,0,0,0,4,3,0,0,0,0,0,2,0,0,2,3,0,3,0,0,0,0,3,0,1,0,0,0,0,3,0,0,0,2,0,0,0,0,0,0,0,5,0,2,0,5,0,0,0,5,0,0,0,0,5,0,0,0,0,2,0,0,0,4,0,0,5,0,0,3,0,0,4,0,0,2,3,0,0,2,0,0,0,0,4,0,4,0,5,2,0,4,0,0,2,0,0,0,4,0,2,0,0,0,0,0,0,0,0,0,0,0,0,0,0,0,0,0,0,0,0,0,0,0,0,0,0,0,0,0,0,0,0,0,0,0,0,0,0,0,0,0,0,0,0,0,0,0,0,0,0,0,0,0,0,0,0,0,0,0,0,0,0,0,0,0,0,0,0,0,0,3,0,0,0,0,0,0,0,0,0,0,0,0,0,0,0,0,0,0,0,0,0,0,0,0,0,5,0,0,0,0,0,0,0,0,0,0,0,0,0,0,0,0,0,0,0,0,0,0,0,0,0,0,0,0,0,0,0,0,0,5,0,0,0,0,0,0,0,0,0,0,0,0,0,0,0,0,0,0,0,0,0,0,0,0,0,0,0,0,0,0,0,0,0,0,0,0,0,0,0,0,0,0,0,0,0,0,0,0,0,0,0,0,4,0,3,0,0,1,0,2,2,0,0,0,0,0,0,2,0,0,0,0,0,5,0,0,0,0,5,2,3,5,0,0,0,3,5,0,0,5,0,4,0,0,0,3,0,3,0,0,0,0,0,0,0,0,0,5,0,0,3,0,0,0,0,0,5,0,0,0,0,0,0,0,4,0,0,0,0,4,0,2,0
28,0,0,0,0,0,0,0,0,0,0,0,0,0,0,0,0,0,0,0,0,0,0,0,0,0,0,0,0,0,0,0,0,0,0,0,0,0,0,0,0,0,0,0,0,0,0,0,0,0,0,0,0,0,0,0,0,0,5,0,0,0,0,0,0,0,0,0,0,0,0,0,0,0,0,0,0,0,0,0,0,0,0,0,0,0,0,0,0,0,0,0,0,0,0,0,0,0,0,3,0,0,0,0,0,0,0,0,0,0,0,0,0,0,0,0,0,0,0,0,0,0,0,0,0,0,0,0,0,0,0,0,0,0,0,0,0,0,0,3,2,3,3,0,4,0,0,0,0,0,0,2,0,4,0,0,0,0,0,4,0,0,0,0,0,0,4,0,0,0,0,0,3,0,0,0,0,2,0,0,4,0,0,1,0,0,4,4,0,4,0,0,0,0,0,0,0,0,0,0,5,0,5,0,0,0,0,0,0,2,5,0,2,0,0,0,0,0,0,0,0,0,0,0,0,0,0,0,5,5,5,0,0,0,3,5,3,0,0,5,3,3,0,3,0,0,0,0,0,0,0,0,0,0,0,0,4,5,0,3,0,0,0,5,5,5,0,0,0,0,0,0,4,4,0,0,5,2,0,3,0,5,0,0,0,4,2,0,0,4,2,0,0,0,0,5,0,0,0,0,4,0,0,4,2,0,0,3,0,0,0,0,0,0,0,0,0,0,0,0,0,0,0,0,0,0,0,0,0,0,0,0,0,0,0,0,0,0,0,4,0,0,0,0,0,0,0,0,0,0,0,0,0,0,0,0,0,0,0,0,0,0,0,0,0,0,0,0,0,0,0,0,0,0,0,0,0,0,0,4,0,0,0,0,0,0,0,0,0,0,3,0,0
29,0,4,5,0,0,0,0,0,2,0,0,5,0,0,0,2,0,0,0,0,0,4,0,0,0,0,0,0,0,5,5,0,2,2,5,0,5,3,0,0,0,5,0,0,0,0,4,0,0,2,0,0,3,0,0,0,4,0,0,0,0,0,0,0,0,0,0,2,0,0,2,4,4,0,0,3,0,0,2,0,0,0,5,0,0,0,0,0,0,0,3,0,0,2,0,2,2,3,0,0,0,0,0,4,0,0,0,0,0,5,0,0,0,0,5,0,0,0,2,0,5,0,0,5,3,5,0,0,0,0,0,0,0,3,0,0,0,0,0,0,0,0,0,0,0,0,0,0,0,0,0,0,0,0,0,0,0,0,0,0,0,0,0,0,0,0,0,0,0,0,0,0,0,0,0,0,0,0,0,0,0,0,0,0,0,0,0,0,0,0,0,0,0,0,0,0,0,0,0,0,0,0,0,0,0,0,0,4,0,0,0,0,0,2,0,0,2,0,0,0,0,0,0,0,0,0,0,0,0,0,0,0,0,0,0,0,0,0,0,0,0,0,0,0,0,0,0,0,0,0,0,0,0,0,0,0,0,0,0,0,0,0,0,0,0,0,0,0,0,0,0,0,0,0,0,0,0,0,0,0,0,0,0,0,0,0,0,0,0,0,0,0,0,0,0,0,0,0,0,0,0,0,0,0,0,0,0,0,0,0,0,0,3,0,0,0,0,0,4,0,0,0,0,0,3,0,0,3,0,0,0,0,0,1,5,0,0,0,0,0,4,0,0,0,0,0,0,2,0,0,3,0,0,0,0,0,0,0,5,0,0,0,0,0,0,0,0,2,5,0,0,0,0,0,0,0,0,0,5,0,4,0,4,3,4,0,2,0,0,4,0,0
30,0,0,0,0,0,0,0,0,0,0,0,0,0,0,0,0,0,0,0,0,0,0,0,0,0,0,0,0,0,0,0,0,0,0,0,0,0,0,0,0,0,0,0,0,0,0,0,0,4,0,0,0,0,0,0,0,2,0,0,0,0,0,0,0,0,0,0,0,0,0,0,0,0,0,0,0,0,0,0,0,0,0,0,0,0,0,0,0,0,0,0,0,0,0,0,0,0,0,0,0,0,0,0,0,0,0,0,0,0,0,0,0,0,0,0,0,0,0,0,0,0,4,0,0,0,0,0,0,0,0,0,0,0,0,0,0,0,3,3,0,0,0,0,0,0,0,0,0,0,1,0,4,0,3,4,4,5,3,0,0,0,0,0,0,0,0,3,3,0,0,0,2,0,0,2,3,2,0,0,3,0,4,5,0,5,2,0,0,0,0,0,0,0,0,3,0,0,0,2,0,0,0,3,5,0,0,0,0,0,3,0,2,0,0,0,0,0,1,0,0,0,0,0,0,0,3,0,3,0,0,2,0,0,0,0,5,0,5,0,0,2,4,4,5,3,2,0,0,0,0,0,0,0,0,4,0,4,4,0,0,2,4,0,0,0,0,5,4,4,0,2,2,0,3,4,0,3,2,0,0,0,3,0,2,0,0,0,0,0,3,0,0,0,0,3,0,5,0,3,0,0,0,3,0,3,0,0,3,0,0,0,4,0,0,0,0,0,4,0,0,0,0,0,0,0,0,0,0,0,0,0,0,0,0,0,0,0,0,0,0,0,0,0,0,0,0,0,0,0,0,0,0,0,0,0,0,0,0,0,0,0,0,0,0,0,0,0,0,0,0,0,0,0,0,0,0,0,0,0,0,0,0,0,0,0,0,0,0,0,0,0,0
31,3,0,1,0,0,0,0,0,2,0,5,0,0,0,0,0,0,3,0,0,0,0,0,1,0,0,0,0,0,0,0,0,0,0,0,0,5,3,0,2,0,0,0,0,4,0,0,0,3,0,0,0,4,2,2,0,5,0,5,5,2,0,0,5,0,2,0,0,0,0,0,0,0,0,0,4,3,4,0,5,0,0,0,0,0,5,0,0,0,5,0,0,4,0,4,0,0,3,5,2,0,0,0,5,0,0,0,2,0,0,0,5,0,0,0,0,0,0,0,0,0,0,0,0,0,0,0,0,4,0,0,0,5,0,2,0,0,0,3,0,0,0,0,0,0,0,0,0,0,0,0,0,0,0,0,3,0,0,0,0,0,0,0,0,0,0,0,0,2,0,0,0,3,0,0,0,0,0,0,0,0,0,0,0,0,0,0,0,0,0,0,0,0,0,0,0,0,0,0,0,0,0,0,0,0,0,0,0,0,0,0,0,0,4,0,0,5,0,0,2,0,2,0,0,3,0,0,0,0,0,0,0,0,1,0,0,0,0,0,0,0,0,0,0,0,0,0,0,0,0,0,0,0,0,0,0,0,0,0,0,0,0,0,0,0,0,0,0,0,0,0,0,0,0,0,0,0,0,0,0,0,0,0,2,0,0,0,0,0,0,0,0,0,0,0,0,0,0,0,0,0,0,0,0,0,0,0,0,0,0,0,0,0,3,0,0,0,0,5,0,0,5,2,0,0,0,0,0,2,0,0,0,0,3,0,0,0,0,2,5,0,0,0,0,5,0,5,0,0,0,3,0,2,0,0,5,0,0,0,0,3,0,0,4,0,5,0,2,0,2,2,0,5,0,0,0,4,0,0,0,5,0,4,0,2,0,4,0,0,0,0,4
32,0,0,0,0,0,0,0,0,0,0,0,0,0,0,0,0,0,0,0,0,0,0,0,0,0,1,0,0,0,0,0,0,0,0,0,0,0,0,0,0,0,0,0,0,0,0,0,0,0,0,0,0,0,1,0,0,0,0,0,0,0,0,0,0,0,0,0,0,0,0,0,0,0,0,0,0,0,0,0,0,0,0,0,0,0,0,0,0,0,0,0,0,0,0,0,0,0,0,0,0,0,0,0,0,0,0,0,0,0,0,0,0,0,0,0,0,0,0,0,0,0,0,0,0,0,0,0,0,0,0,0,0,0,0,0,0,0,0,0,0,0,0,0,2,0,2,4,0,0,0,0,4,5,0,0,0,0,0,0,4,0,3,0,3,0,0,4,0,0,4,4,5,0,0,2,5,5,0,0,0,0,2,3,2,0,4,4,2,0,0,0,2,0,0,4,0,0,0,0,0,0,0,0,0,1,4,0,0,0,0,0,2,0,0,0,0,0,0,0,0,0,0,0,0,0,5,3,0,0,4,3,2,5,0,0,0,0,3,2,0,3,0,0,2,2,0,0,0,0,3,0,0,2,5,0,0,4,0,3,0,2,0,4,3,0,2,2,5,3,0,0,0,0,0,0,0,4,0,3,0,0,0,2,0,3,0,0,0,0,0,5,2,2,0,2,4,0,0,0,0,0,0,0,4,0,0,0,3,0,0,0,0,0,0,0,0,0,0,0,0,0,0,0,0,0,0,0,0,0,0,0,0,0,0,0,0,0,0,0,0,0,0,0,0,0,0,0,0,0,0,0,0,0,0,0,0,0,0,0,0,0,0,0,0,0,0,0,0,0,0,0,0,0,0,0,0,0,0,0,0,0,0,4,0,0,0,0,0,0,0,0,1
33,0,0,0,0,4,0,0,0,0,0,2,0,4,0,0,0,0,0,3,0,0,0,0,0,0,0,0,5,2,0,1,0,0,5,3,5,0,0,0,0,0,0,0,0,0,3,0,2,0,2,0,0,0,4,0,4,0,1,0,1,5,0,4,0,0,2,2,0,2,0,0,3,0,0,0,0,0,0,0,0,4,0,4,0,0,0,0,0,0,3,0,4,0,0,0,0,0,5,0,3,0,0,0,0,0,0,2,0,3,0,4,3,0,3,0,5,0,2,0,0,0,0,0,0,2,0,4,3,0,0,3,0,0,0,3,0,0,0,0,0,0,0,0,0,0,0,0,0,0,0,0,0,0,0,0,0,0,0,0,0,0,0,0,0,0,0,0,0,0,0,0,0,0,0,0,0,0,0,0,0,0,0,0,0,0,0,0,0,0,0,0,0,0,0,0,0,0,0,0,0,0,0,0,0,0,0,0,0,0,0,0,0,3,0,0,0,0,2,0,0,0,0,0,3,3,0,0,0,0,0,0,0,0,0,0,0,0,0,0,0,0,0,0,0,0,0,0,0,0,0,0,0,0,0,0,0,0,0,0,0,0,0,0,0,0,0,0,0,0,0,0,0,0,0,0,0,0,0,0,0,0,0,0,0,0,0,0,0,0,0,0,0,4,0,0,0,0,0,0,0,0,0,0,0,0,0,0,0,4,0,4,0,0,4,2,0,0,0,4,3,0,0,4,0,0,0,0,0,0,3,5,0,1,0,0,5,0,0,0,3,0,0,0,0,0,0,3,3,0,0,0,0,4,0,0,0,0,0,5,3,0,0,5,0,0,0,5,0,0,0,0,0,4,0,0,2,4,0,0,0,0,0,5,4,0,0,5,5,0,0,0,0
34,0,0,0,0,0,0,0,0,0,0,0,0,0,0,0,0,0,0,0,0,0,0,0,0,0,0,0,0,0,0,0,0,0,0,0,0,0,0,0,0,0,0,0,0,0,0,0,0,0,0,0,0,0,0,0,0,0,0,0,0,0,0,0,0,0,0,0,0,0,0,2,0,0,0,0,0,0,0,0,0,0,0,0,0,0,0,0,0,0,0,0,0,0,0,0,0,0,0,0,0,0,0,0,0,0,4,0,0,0,0,0,0,0,0,0,0,0,0,0,0,0,0,0,0,0,0,0,0,0,0,0,0,0,0,0,0,0,0,0,0,0,2,0,4,0,5,0,0,0,0,0,3,0,0,3,4,5,2,0,0,0,0,0,0,0,0,3,0,5,0,4,0,0,5,0,5,0,0,0,4,0,0,0,0,5,0,0,0,5,0,3,0,0,0,4,0,0,5,5,0,0,0,0,5,4,0,0,2,2,0,3,5,0,0,0,0,0,0,0,0,0,0,0,0,0,4,0,0,0,0,0,0,0,0,0,0,0,0,0,0,0,0,3,0,4,0,0,0,0,4,0,3,0,0,0,0,0,0,0,0,5,4,0,0,0,4,4,0,0,2,4,2,4,4,3,0,4,5,0,0,4,0,0,0,3,3,4,0,0,4,3,0,3,2,0,0,0,3,0,0,0,0,0,2,0,2,5,0,3,0,0,0,0,0,0,0,0,0,0,0,0,0,0,0,0,0,0,0,0,0,0,0,0,0,0,0,0,0,0,0,0,0,0,0,0,0,0,0,0,0,0,0,0,0,0,0,0,0,0,0,0,2,0,0,0,0,0,0,0,0,0,0,0,0,0,0,0,0,0,0,0,0,0,0,0,0,0,0,0,0,0,0
35,0,0,0,3,0,0,0,3,4,4,2,0,5,0,0,0,2,0,5,3,3,0,0,0,0,0,0,5,0,4,5,0,0,0,0,0,0,5,0,0,0,0,0,0,0,0,0,0,0,0,0,2,0,0,0,3,0,0,0,0,0,0,0,0,0,2,4,5,0,5,0,2,0,0,0,3,0,0,0,0,0,4,0,0,0,3,0,0,0,3,0,2,0,4,3,0,0,0,3,0,5,0,0,0,0,3,0,0,0,0,0,0,2,5,2,0,5,0,0,2,0,0,3,0,3,0,2,0,0,2,0,0,0,0,0,0,0,0,0,0,0,0,0,0,0,0,0,0,0,0,0,0,0,0,0,0,0,0,1,0,0,0,0,0,0,0,0,0,0,0,0,0,0,0,0,0,0,0,0,0,0,0,0,0,0,0,0,0,0,0,0,0,0,1,0,0,0,0,0,0,0,0,0,0,0,0,0,0,0,0,0,0,0,0,0,0,2,0,0,5,0,0,2,0,0,0,0,0,0,0,0,0,0,0,0,0,0,0,0,0,0,0,0,0,0,0,0,0,0,0,0,0,0,3,0,0,0,0,0,0,0,0,0,0,0,0,0,0,0,0,0,0,0,0,0,0,0,0,0,0,0,0,0,0,0,0,4,0,3,0,0,4,0,0,4,0,0,0,0,0,0,0,0,0,0,0,0,0,0,0,0,0,4,0,0,4,0,0,0,0,0,0,0,3,4,0,0,0,0,0,0,0,0,0,0,0,3,0,0,0,0,0,0,4,0,0,0,0,0,0,3,0,5,4,0,3,0,0,0,3,5,0,0,0,0,4,5,0,0,0,0,3,3,3,0,2,2,0,0,2,5,4,2,0,0,0,0,5,0,0,0,0
36,0,2,0,0,5,0,0,0,0,0,0,0,0,0,3,0,0,4,0,0,0,0,0,0,0,0,0,0,0,0,0,0,0,0,2,0,0,0,2,0,2,0,0,0,3,2,0,0,0,0,0,0,5,4,0,0,5,0,0,5,0,0,0,0,3,0,0,3,4,5,0,0,0,5,0,0,5,0,0,0,3,5,0,0,2,0,3,0,5,0,0,0,0,0,5,3,0,3,0,0,0,3,0,0,0,0,2,5,0,3,5,0,5,0,0,0,0,0,5,0,0,0,0,0,2,3,0,0,0,2,4,0,0,0,0,0,0,0,0,3,0,0,0,0,0,0,0,0,0,0,0,0,0,0,0,0,0,0,0,0,0,0,0,0,2,0,0,0,0,0,0,0,0,0,0,0,0,0,0,0,0,0,0,0,0,0,0,0,0,0,0,0,0,0,0,0,0,0,0,0,0,0,0,5,0,0,0,0,0,0,0,0,0,0,0,3,3,0,0,0,0,0,0,4,0,0,0,0,0,0,0,0,0,0,0,0,0,0,3,0,0,0,0,0,0,0,0,0,0,0,0,0,0,0,0,0,0,0,0,0,0,0,0,0,0,0,0,0,0,0,0,0,0,0,0,0,0,0,0,0,5,0,0,0,0,0,0,0,0,0,0,0,0,0,0,0,0,0,0,0,0,0,0,0,0,0,0,0,0,0,0,0,5,0,0,0,0,0,5,0,0,0,0,0,0,0,0,0,0,0,0,4,0,0,3,0,0,0,0,0,0,2,0,0,0,0,0,0,0,4,0,2,0,5,0,0,0,0,0,5,5,0,0,0,4,0,2,0,0,0,0,4,4,0,0,0,0,0,0,0,5,0,0,0,0,0,4,3,0,0,0,2
37,0,0,0,0,0,0,0,0,0,0,0,0,0,0,0,0,0,0,0,0,0,0,0,0,0,0,0,0,0,0,0,0,0,0,0,0,0,0,0,0,0,0,0,0,0,0,0,0,0,0,0,0,0,0,0,0,0,0,0,0,0,0,0,0,0,0,0,0,0,0,0,0,0,0,0,0,0,0,0,0,0,0,0,0,0,0,0,0,0,0,0,0,0,0,0,0,0,0,0,0,0,0,0,0,0,0,0,0,0,0,0,0,0,0,1,0,0,0,0,0,0,0,0,0,0,0,0,0,0,0,0,0,0,0,0,0,0,0,2,3,0,0,0,0,0,2,0,0,3,0,5,0,2,0,5,0,0,5,0,0,0,0,0,0,2,2,0,0,3,5,2,2,0,0,0,0,0,0,0,0,0,0,0,0,0,0,0,0,2,4,4,4,5,0,0,0,2,5,0,0,2,0,3,3,4,0,0,0,0,0,0,0,0,0,0,0,0,0,0,0,0,0,0,0,0,3,4,0,2,0,0,0,5,0,2,0,2,0,0,3,0,0,0,0,0,0,0,3,0,4,0,0,0,0,0,0,2,0,0,0,5,0,0,0,4,0,0,0,4,0,2,0,0,2,3,3,0,0,0,0,4,0,0,0,4,0,0,3,0,4,0,2,2,0,0,4,0,4,0,0,2,0,0,0,0,0,5,4,0,0,0,0,0,0,0,0,0,0,0,0,0,0,0,0,0,0,0,0,0,0,0,0,0,0,0,0,0,0,0,0,0,0,0,0,0,0,0,0,0,0,0,0,0,0,0,0,0,0,0,0,0,0,0,0,0,0,0,0,0,0,0,0,0,0,0,0,0,0,0,0,0,0,0,0,0,0,0,0,0,0,0,0
38,0,0,0,0,0,0,0,0,0,0,0,0,0,0,0,0,0,0,0,0,0,0,0,0,0,0,0,0,0,0,0,0,0,0,0,0,0,0,0,0,0,0,0,0,0,0,0,0,0,0,0,0,0,0,0,0,0,0,0,0,0,0,0,0,0,0,0,0,0,0,0,0,0,0,0,0,0,0,0,0,0,0,0,0,0,0,0,0,0,0,0,0,0,0,0,0,0,0,0,0,0,0,0,0,0,0,0,0,0,0,0,0,3,0,0,0,0,0,0,0,0,0,0,0,0,0,0,0,0,0,0,0,0,2,0,0,0,0,5,5,3,0,0,4,0,0,3,0,0,5,0,0,0,3,2,4,3,5,0,5,0,0,0,5,4,0,0,0,2,0,0,0,0,3,2,0,5,0,0,0,0,5,0,4,5,0,0,4,0,0,0,0,0,0,3,4,0,0,2,0,3,5,0,0,4,0,0,0,0,0,0,5,0,0,0,0,0,0,0,0,0,0,0,0,0,2,3,0,0,0,0,0,0,0,0,0,0,3,5,0,0,0,0,3,0,2,0,0,0,0,0,0,5,0,3,5,0,3,0,0,0,0,0,0,0,5,0,0,0,0,0,3,3,0,0,0,0,0,0,0,0,4,0,3,0,0,0,0,0,0,0,0,0,0,2,5,0,0,0,0,0,2,0,0,0,0,0,0,0,0,0,3,0,0,0,0,0,0,0,0,0,0,0,0,0,0,0,0,0,0,0,0,5,0,0,0,0,0,0,0,0,0,0,0,0,0,0,0,0,0,0,0,0,0,0,0,0,0,0,0,0,0,0,0,0,0,0,0,0,0,0,0,0,0,0,0,0,0,0,0,0,0,0,0,0,0,0,0,0,0,0,0
39,0,0,0,0,0,0,0,0,0,0,0,0,0,0,0,0,0,0,0,2,0,0,0,0,0,0,0,0,0,0,0,0,0,0,0,0,0,0,0,0,0,0,0,0,0,0,0,0,0,0,0,0,0,0,2,0,0,0,0,0,0,0,0,0,0,0,0,0,0,0,0,0,5,0,0,0,0,0,0,1,0,0,0,0,0,0,0,0,0,0,0,0,0,0,0,0,0,0,0,0,0,0,0,0,0,0,0,0,0,0,0,0,0,0,0,0,0,0,0,0,0,0,0,0,0,0,0,0,0,0,0,0,1,0,0,0,0,0,0,0,0,0,0,5,0,0,4,0,2,0,0,0,5,0,2,0,0,4,4,5,0,2,0,3,3,0,2,0,4,3,0,5,0,0,0,0,5,3,0,2,3,2,0,0,0,0,0,0,4,0,4,3,0,5,0,0,3,0,0,2,0,3,0,0,0,0,0,0,4,0,0,0,0,0,0,0,0,0,0,0,2,0,0,0,0,2,5,0,2,0,0,0,0,0,0,0,0,3,5,0,0,0,5,3,0,4,0,0,4,3,4,0,0,0,5,0,2,3,0,2,5,0,2,0,0,2,0,0,0,0,0,5,0,0,0,0,5,0,0,5,0,0,0,3,4,0,4,0,0,0,4,0,4,5,0,0,0,4,0,0,0,5,0,2,0,2,0,2,0,0,3,5,0,0,0,0,0,0,0,0,0,0,0,0,0,0,0,0,0,0,0,0,0,0,4,0,0,0,0,0,0,0,0,0,0,0,0,0,0,0,0,0,0,0,0,0,0,0,0,0,0,0,0,0,0,0,0,0,0,0,0,0,0,0,0,0,0,0,0,0,0,0,0,0,0,0,0,0,0,0,0,0
40,0,0,0,0,0,0,0,0,0,0,3,0,0,0,3,2,4,2,0,0,0,3,0,5,3,4,0,0,4,0,0,2,0,0,0,3,0,0,0,5,0,0,5,4,0,0,5,0,4,5,0,5,0,3,0,0,0,0,0,0,0,0,4,2,3,0,2,0,4,0,0,2,0,0,2,0,5,0,0,0,0,0,0,0,0,0,0,0,0,3,0,3,0,0,5,2,0,2,5,0,3,0,0,2,0,2,3,0,0,2,0,0,0,0,0,0,0,0,0,0,4,5,0,4,0,0,1,0,0,2,2,0,0,0,0,0,0,4,0,0,0,0,0,0,0,0,0,0,0,0,0,0,0,0,0,0,0,0,0,0,0,0,0,0,0,0,0,0,0,0,0,3,0,0,0,0,0,0,0,0,0,0,0,0,0,0,0,0,0,0,1,0,0,0,0,0,0,0,0,0,0,0,0,0,0,0,0,0,0,0,0,0,0,3,0,4,0,5,0,3,0,3,0,0,4,0,0,0,0,0,0,0,0,0,0,0,0,0,0,0,0,0,0,0,0,0,0,0,0,0,0,0,0,0,0,0,0,0,0,0,0,0,0,0,0,0,0,0,0,0,0,0,0,0,0,0,0,0,0,0,0,0,0,0,0,0,0,0,0,0,0,0,0,0,1,0,0,0,0,0,0,0,0,0,0,0,0,0,0,0,0,0,0,5,0,2,5,0,5,0,3,0,0,0,0,0,5,2,3,0,0,4,5,3,0,0,0,0,0,0,0,0,3,0,0,0,0,0,3,0,0,0,5,2,3,3,0,0,0,0,0,0,0,0,0,5,0,2,4,0,0,2,0,0,0,2,0,3,0,0,0,0,0,0,3,0,0,0,0,4,0,0
41,0,0,0,0,0,0,0,0,0,0,0,0,0,0,0,0,0,0,0,0,0,0,0,0,0,0,0,0,0,0,0,0,0,0,0,0,0,0,0,0,0,0,0,0,0,0,0,0,0,0,0,0,0,0,0,5,0,0,0,0,0,0,0,0,0,0,0,0,0,0,0,0,0,0,0,0,0,0,0,0,0,0,0,0,0,0,0,0,0,0,0,0,0,0,0,0,0,0,0,0,0,0,0,0,0,0,0,0,0,0,0,0,0,0,0,0,0,0,0,0,0,0,0,0,0,0,0,0,0,0,0,0,0,0,0,0,0,0,4,2,0,0,0,5,0,0,0,2,5,5,0,0,0,0,5,5,0,0,0,4,4,2,3,4,0,0,0,0,0,0,3,0,3,0,3,0,0,4,0,0,0,0,0,0,0,0,5,0,0,3,5,0,0,0,2,0,0,5,0,2,0,0,4,0,0,3,0,0,0,0,0,0,0,0,0,0,0,0,0,0,0,0,0,0,0,0,0,3,0,5,0,3,0,3,2,4,0,0,0,0,0,0,0,0,0,0,0,5,0,0,0,0,0,5,0,3,5,0,0,0,0,4,0,0,0,0,0,0,0,3,0,0,5,0,0,0,5,0,0,0,0,0,0,0,2,4,0,5,0,3,0,0,3,0,0,0,5,0,0,0,0,2,3,0,0,2,5,0,2,4,0,0,0,0,0,0,0,0,0,0,0,0,0,0,0,0,0,0,0,0,0,0,0,0,0,0,0,0,0,0,0,0,0,0,0,0,0,0,0,0,0,0,0,0,0,0,0,0,0,0,0,0,0,0,0,0,0,0,0,0,0,0,0,0,0,0,0,0,0,0,0,0,0,0,0,0,0,0,0,0,0,0
42,5,0,0,0,2,0,3,0,0,0,2,5,0,0,0,0,0,0,0,0,5,0,5,0,3,2,0,0,0,4,0,0,0,0,4,5,4,0,5,5,4,0,4,0,0,4,0,4,0,0,0,0,3,0,3,0,4,0,5,0,5,2,5,5,0,0,5,0,0,0,0,0,5,0,0,0,5,0,0,3,0,2,0,0,0,0,0,0,0,4,0,0,0,0,0,0,0,4,0,0,0,0,0,0,2,0,0,0,0,0,4,4,2,0,0,0,0,0,0,0,5,0,5,0,0,0,0,0,3,0,0,0,0,2,0,0,0,0,0,0,0,0,0,0,0,0,0,0,0,0,0,0,0,0,0,0,0,0,0,0,0,0,0,0,0,0,0,0,0,0,4,0,0,0,0,0,0,0,0,0,0,0,0,0,0,0,0,0,0,0,0,0,0,0,0,0,0,0,0,0,4,0,0,0,0,0,0,0,0,0,0,0,0,2,0,2,0,5,1,0,0,2,0,2,5,0,0,0,0,0,0,0,0,0,0,0,0,0,0,0,0,0,0,0,0,0,0,0,0,0,0,0,0,0,2,0,0,0,0,0,0,0,0,0,0,0,0,0,0,0,0,0,0,0,0,0,0,0,0,0,0,0,0,0,0,0,0,0,0,0,0,0,0,0,0,0,0,0,0,0,0,0,0,0,0,0,0,0,0,0,0,0,5,0,0,0,0,0,4,2,0,0,0,0,0,0,2,0,0,0,0,0,0,0,0,0,0,0,0,4,0,0,0,0,0,5,0,0,0,0,0,2,0,0,0,0,4,0,5,0,0,0,0,0,0,0,2,5,0,0,0,3,0,0,0,5,0,0,0,0,4,4,0,0,0,0,0,0,0,0,0,0
43,0,0,0,0,0,0,0,0,2,0,0,0,0,0,0,0,0,0,0,0,0,0,0,0,0,0,0,0,0,0,0,0,0,0,0,0,0,0,0,0,0,0,0,0,0,0,0,0,0,0,0,0,0,0,0,0,0,0,0,0,0,0,0,0,0,0,0,0,0,0,0,0,0,0,0,0,0,0,0,0,0,0,0,0,0,0,0,0,0,0,0,0,0,0,0,0,0,0,0,0,0,0,0,0,0,0,0,0,0,0,0,0,0,0,0,0,0,0,0,0,0,0,0,0,0,0,0,0,0,0,0,0,0,0,0,0,0,0,0,0,0,4,0,0,4,0,0,0,0,5,0,0,0,0,0,2,0,2,4,0,0,0,0,2,0,5,5,0,0,0,0,3,4,0,2,0,0,5,0,0,0,3,2,0,0,2,4,4,0,0,0,0,0,2,0,4,0,4,4,0,0,4,0,0,5,0,0,0,3,0,0,0,0,0,0,0,0,0,0,0,0,0,0,0,0,0,2,4,0,0,0,2,5,4,0,0,5,0,0,2,3,0,0,4,0,0,4,0,0,0,0,5,0,0,3,5,0,0,5,0,0,0,5,0,0,0,0,0,0,0,3,0,4,2,4,0,5,0,2,0,4,0,0,0,0,0,0,0,0,4,2,0,0,0,0,2,0,0,0,0,0,0,0,3,0,3,0,0,0,0,5,1,0,0,0,0,0,0,0,0,5,3,0,0,0,0,0,0,0,0,0,0,0,0,0,0,0,0,0,0,0,0,0,0,0,0,0,0,0,0,0,0,0,5,0,0,0,0,0,0,0,0,0,0,0,0,0,0,0,0,4,0,0,0,0,0,0,0,0,0,0,0,0,0,0,0,0,0,0,0,0,0
44,0,0,0,0,0,0,0,0,0,0,0,0,0,0,0,0,0,0,0,0,0,0,0,0,0,0,0,0,0,0,2,0,0,0,0,0,0,0,0,0,0,0,0,0,0,0,0,0,5,0,0,0,0,0,0,0,0,0,0,0,0,0,0,0,0,0,0,0,0,0,0,0,0,0,0,0,0,0,0,0,0,0,0,0,0,0,0,0,0,0,0,0,0,0,0,0,0,0,0,0,2,0,0,0,0,5,0,0,0,0,0,0,0,0,0,0,0,0,0,0,0,0,0,0,0,0,0,0,0,0,0,0,0,0,0,0,0,0,0,4,0,2,0,0,4,0,0,0,2,0,5,0,0,0,0,0,0,0,0,0,3,5,0,5,3,0,0,0,3,2,3,0,0,0,0,0,2,0,0,0,0,0,0,5,0,0,3,4,0,0,0,0,0,0,2,3,0,0,3,5,0,0,0,0,0,2,1,0,0,4,3,2,0,0,0,0,0,0,0,0,0,0,0,0,0,0,0,0,2,0,3,0,0,0,0,4,0,0,0,4,2,0,4,0,5,0,3,4,0,5,0,0,0,0,4,5,0,0,1,0,0,0,0,0,4,0,0,5,0,0,0,0,1,0,0,0,0,0,0,0,4,0,0,0,0,5,5,2,0,0,2,0,0,0,0,0,0,0,5,5,0,0,0,0,0,0,0,2,2,0,0,0,0,0,0,0,0,0,0,0,0,0,0,0,0,0,0,0,0,0,0,0,0,0,0,0,0,0,0,0,0,0,0,0,0,0,0,4,0,0,0,0,0,0,0,0,0,0,0,2,0,0,0,0,0,0,0,0,0,0,0,0,0,0,0,0,0,0,0,0,0,0,0,0,0,0,0,0,0,0,0,0
45,0,0,3,0,4,5,0,0,0,2,0,5,2,0,3,0,0,0,5,0,0,0,0,0,3,5,0,0,5,0,0,5,0,0,0,4,0,2,0,2,2,0,2,0,5,0,0,0,4,0,0,0,0,2,0,5,0,0,0,3,0,0,0,0,0,0,0,0,0,3,0,0,0,0,0,0,0,0,2,5,2,3,0,0,0,0,3,0,3,0,5,0,0,0,2,2,2,2,0,0,0,0,0,0,0,0,3,0,0,0,0,3,0,0,0,3,0,0,0,0,0,0,0,0,0,0,0,0,0,0,3,0,5,0,0,0,5,0,0,0,0,0,0,0,0,0,0,0,0,0,0,0,0,0,0,0,0,0,0,0,0,0,0,0,0,0,0,0,0,0,0,0,0,0,0,0,0,0,0,0,0,0,0,0,0,0,0,2,0,0,0,0,2,0,0,0,0,0,0,0,0,0,0,0,0,0,0,0,0,0,1,0,0,0,3,0,0,0,0,0,0,2,0,2,0,0,0,0,0,0,0,0,0,0,0,0,0,0,0,0,0,0,0,0,0,0,0,0,0,0,0,0,0,0,0,0,0,0,0,0,0,0,0,0,0,0,0,0,0,0,0,0,0,0,0,0,0,0,0,0,0,0,0,0,5,0,0,0,0,0,0,0,0,0,2,0,0,0,0,0,0,0,0,0,0,0,0,0,5,0,0,0,0,0,0,0,0,0,0,0,0,0,5,0,3,0,0,5,0,3,0,0,0,0,0,0,0,0,4,5,0,0,0,3,0,0,0,0,0,0,0,0,0,0,0,5,0,3,0,0,0,0,5,0,0,0,4,0,2,3,5,0,5,0,5,2,0,0,0,0,0,4,0,0,0,0,0,3,0,5,0,0
46,0,0,0,0,0,0,0,0,0,0,0,0,0,0,0,0,0,0,0,0,0,0,0,0,0,0,0,0,0,0,0,0,0,0,0,0,0,0,0,0,0,0,0,0,0,0,0,0,0,0,0,0,0,0,0,0,0,0,0,0,3,0,0,0,0,0,0,0,0,0,0,0,0,0,0,0,0,0,0,0,1,0,0,0,0,0,0,0,0,0,0,0,0,0,0,0,0,0,0,0,0,0,0,0,0,0,0,0,0,0,0,0,0,0,0,0,0,0,0,0,0,0,0,0,0,0,0,0,0,0,0,0,0,0,0,0,0,0,0,0,0,5,0,0,0,0,0,0,0,0,3,0,0,0,2,0,0,0,0,0,0,0,0,4,0,5,0,0,5,0,0,0,0,0,0,2,3,0,4,0,0,0,0,0,0,0,2,0,0,0,3,3,0,0,5,0,0,0,0,0,0,0,0,4,0,0,2,0,0,4,4,0,0,0,0,0,0,0,0,0,0,0,0,0,2,0,0,0,4,0,2,0,0,0,0,0,0,0,0,0,0,5,0,4,4,0,0,0,0,0,4,5,5,0,0,0,0,0,0,4,3,0,3,0,0,0,3,3,4,0,2,2,3,0,3,2,0,0,2,0,0,5,3,0,5,0,5,0,0,0,5,0,0,0,0,0,0,0,3,5,0,0,0,2,2,0,0,0,0,0,4,0,0,0,0,0,5,0,0,0,0,0,0,0,0,0,0,0,0,0,0,0,0,0,0,0,0,0,0,0,0,0,0,0,0,0,0,0,0,0,0,0,0,0,0,0,3,0,0,0,0,0,0,0,0,0,0,0,0,0,0,0,0,0,0,0,0,0,0,0,0,0,0,0,0,0,0,0,0,0,0,0
47,0,0,3,0,0,0,0,0,0,0,0,0,0,0,0,0,0,0,0,0,0,0,0,0,0,0,0,0,0,0,0,0,0,0,0,0,0,0,0,0,0,0,0,0,0,0,0,0,0,0,0,0,0,0,0,0,0,0,0,0,0,0,0,0,0,0,5,0,0,0,0,0,0,0,0,0,0,0,0,0,0,0,0,0,2,0,0,0,0,0,0,0,0,0,0,0,0,0,0,0,0,0,0,0,0,0,0,0,0,0,0,0,0,0,0,0,5,0,0,0,0,0,0,0,0,0,0,0,0,0,0,0,0,0,0,0,0,0,0,2,5,0,2,5,0,0,1,0,5,1,0,0,0,0,0,3,0,0,0,0,0,5,3,0,2,4,0,0,0,0,0,4,2,0,3,5,0,0,0,4,0,0,5,0,0,0,0,2,2,2,3,0,0,0,0,0,3,4,0,0,0,0,0,0,0,0,3,0,0,2,0,3,0,0,0,0,0,0,0,0,0,0,0,0,0,0,3,4,3,3,0,0,0,2,2,3,0,0,0,0,0,3,0,0,4,3,3,4,0,0,0,5,0,0,0,0,0,3,2,0,0,0,0,0,4,5,0,2,0,0,0,0,0,0,0,2,5,0,0,4,0,0,0,0,2,5,0,0,5,0,2,0,0,0,0,0,0,3,3,0,0,0,0,3,3,2,0,0,0,0,0,3,0,0,0,0,0,0,0,0,0,0,0,0,0,0,0,0,0,0,0,0,0,0,0,0,0,0,0,0,0,0,0,4,0,0,0,0,0,0,0,0,0,0,0,0,0,0,0,0,0,0,0,0,0,0,0,3,0,0,0,0,1,0,0,0,0,0,0,0,0,0,0,0,0,0,0,0,0,0,0,0
48,0,0,0,0,0,0,0,0,0,4,0,0,0,0,0,0,0,0,0,0,0,0,3,0,0,0,0,0,0,0,0,0,0,0,0,0,0,0,0,0,0,0,0,0,0,0,0,3,0,0,0,0,0,0,4,0,0,0,0,0,3,0,0,0,0,0,0,0,0,0,0,0,0,0,0,0,0,1,0,0,0,0,0,0,0,0,0,0,0,0,0,0,0,0,0,0,0,0,0,0,0,0,0,0,0,0,0,0,0,0,0,0,0,0,4,0,0,0,0,0,0,0,0,0,0,0,0,0,0,0,0,0,0,0,0,0,0,0,0,0,0,4,4,5,2,0,0,0,2,0,5,0,0,5,5,5,0,0,0,0,3,0,0,0,2,0,5,2,0,0,0,0,3,0,4,5,2,0,2,1,5,0,2,0,0,3,5,5,4,0,4,3,0,5,0,0,0,2,3,2,0,0,1,0,0,0,0,4,2,0,0,0,0,0,0,0,0,0,0,0,0,0,0,0,0,3,0,0,0,0,0,0,5,0,2,0,0,2,3,0,5,5,3,4,0,0,0,4,0,0,0,0,0,0,0,0,3,0,5,0,0,0,0,2,5,3,5,0,0,0,0,0,0,0,0,0,3,0,0,0,0,0,2,0,1,0,0,0,4,3,0,0,3,0,0,0,0,0,0,0,0,0,0,5,5,0,4,0,0,0,0,0,0,0,0,0,0,0,0,0,0,0,0,0,0,0,5,0,0,0,0,0,0,0,0,0,0,0,0,0,0,0,0,0,0,0,0,0,0,0,0,0,0,0,0,0,0,0,0,0,0,0,0,0,0,0,0,0,0,0,0,0,0,0,0,0,0,0,0,0,0,0,0,0,0,0,0,0,0,0,0,0
49,0,0,0,0,0,0,0,0,0,0,0,0,3,2,0,0,0,0,0,0,0,0,0,0,0,0,0,0,0,0,0,0,0,1,0,0,0,0,0,0,0,0,0,0,0,0,0,0,0,0,0,0,0,0,0,0,0,0,0,0,0,0,0,0,0,0,0,0,0,0,0,0,0,0,0,0,0,0,0,0,0,0,0,0,0,0,0,0,0,0,0,0,0,1,0,0,4,0,0,0,0,0,0,0,0,0,0,0,0,0,0,0,5,0,0,0,0,0,0,0,0,0,0,0,0,0,0,0,0,0,0,0,0,0,4,0,0,0,0,3,1,0,0,0,0,0,5,0,0,5,0,0,2,0,0,5,5,0,0,5,0,3,4,2,0,0,0,2,0,0,0,0,2,5,0,0,2,3,0,0,0,0,5,3,0,0,5,0,0,0,0,0,0,0,1,0,0,0,2,4,3,0,3,4,3,4,0,0,0,0,0,0,2,0,0,0,0,0,5,0,0,0,0,0,0,0,2,0,0,0,0,0,0,0,5,4,0,0,0,0,0,0,0,0,0,0,2,0,0,0,0,0,0,0,0,2,0,0,0,0,0,4,0,0,3,5,0,2,4,0,3,4,0,5,0,5,0,0,0,3,0,0,0,0,3,0,0,0,0,0,0,0,2,0,0,5,0,5,0,5,0,0,3,2,0,0,0,0,3,0,0,0,0,0,0,0,0,0,0,0,0,0,0,0,0,0,0,0,0,0,0,0,0,0,0,0,0,0,0,0,0,0,0,0,0,0,0,0,0,0,0,4,0,0,0,0,0,0,0,0,0,0,0,0,0,0,0,0,0,0,0,0,0,0,0,0,0,0,0,3,0,0,0,3,4,0,0,0,0,0,0,0
50,0,3,0,2,0,0,0,0,0,0,0,2,0,0,0,0,0,0,0,3,0,0,0,0,3,0,0,0,0,0,3,0,3,5,0,0,4,0,0,5,0,0,0,0,0,0,0,0,3,0,0,4,0,0,0,0,0,0,0,0,0,0,0,0,0,4,0,0,0,0,0,0,2,0,0,0,4,0,0,0,0,2,0,0,4,0,0,4,0,3,0,0,0,3,0,5,3,0,0,0,0,0,0,5,0,0,0,0,0,0,0,0,0,2,0,0,0,0,0,0,0,0,0,0,4,0,3,0,2,0,0,0,0,2,0,0,0,0,0,0,0,0,0,0,0,0,0,0,0,0,0,0,0,0,0,0,0,0,0,0,0,0,0,0,0,0,0,0,0,0,0,0,0,0,0,0,0,0,0,0,0,0,0,0,4,0,0,0,0,0,0,0,0,0,0,0,0,0,0,0,0,3,0,0,0,0,0,0,0,0,0,0,0,0,3,4,2,0,0,0,0,0,0,0,0,4,0,0,0,0,0,0,0,0,0,0,0,0,0,0,0,0,0,0,0,0,0,0,0,0,0,0,0,2,0,0,0,0,0,0,0,0,0,0,0,0,0,0,0,0,0,0,0,0,0,0,0,0,0,0,0,0,0,0,0,0,0,0,0,0,0,0,0,0,0,0,0,0,0,0,0,0,0,0,0,0,0,0,0,0,0,0,0,0,5,2,5,0,0,0,0,0,0,0,0,0,0,0,0,0,0,2,2,0,0,0,0,0,0,5,0,0,0,0,0,0,0,0,0,0,0,0,0,3,0,0,0,0,0,0,0,0,3,3,3,2,5,0,0,0,0,0,0,0,0,4,0,0,2,0,2,0,0,2,5,0,2,0,0,5,0,0
51,0,5,0,0,0,0,0,5,2,2,0,0,0,0,0,0,3,0,0,2,0,0,5,2,0,0,0,0,0,0,3,0,0,4,0,2,0,0,0,0,0,3,3,0,0,0,0,0,0,0,0,0,0,0,2,0,2,0,4,0,0,0,4,0,0,0,0,5,2,0,0,0,0,0,0,0,0,5,0,5,0,0,0,4,0,0,0,0,0,4,4,4,0,0,0,0,0,2,0,3,0,3,0,0,0,2,0,0,0,4,0,0,0,3,0,0,0,0,3,0,0,0,0,0,0,0,0,0,3,4,0,0,0,0,0,0,2,0,3,5,0,0,0,0,0,0,0,0,0,0,0,0,0,0,0,0,0,0,0,0,0,0,0,0,0,0,0,0,0,0,0,0,0,0,0,0,0,0,0,0,0,0,0,0,0,0,0,0,0,0,0,0,0,0,0,0,0,0,0,0,0,0,0,0,0,0,0,0,0,0,0,0,0,0,0,0,0,0,0,0,3,3,5,2,3,0,0,5,0,0,0,0,0,0,0,0,0,0,0,0,0,0,0,0,0,0,0,0,0,0,0,0,0,0,0,0,0,0,0,0,0,0,0,0,0,0,0,0,0,0,0,0,0,0,0,0,0,0,0,0,0,0,0,0,0,0,0,0,0,0,0,0,0,0,0,0,0,0,0,0,0,0,0,0,0,0,0,0,0,0,0,0,0,0,0,0,0,0,3,0,0,0,0,0,0,0,3,0,0,0,3,3,5,0,3,4,0,0,5,0,0,0,0,0,3,0,0,0,0,3,4,0,0,0,0,0,3,0,5,2,0,5,3,0,0,0,0,0,0,0,4,0,0,3,0,2,0,0,4,4,0,0,3,0,0,0,0,0,0,5,0,0
52,0,0,0,0,0,0,0,0,2,0,0,0,0,0,0,0,0,0,2,2,5,0,4,0,5,4,4,0,0,0,0,0,0,0,3,0,2,0,0,0,0,0,0,0,0,0,0,0,3,0,3,0,0,3,0,0,0,5,0,2,0,0,3,4,0,0,0,0,0,0,0,4,0,0,0,0,0,4,2,0,5,3,0,5,0,0,0,0,3,3,0,0,0,0,4,3,2,0,0,0,0,0,5,0,0,0,2,0,0,0,1,0,2,0,0,0,0,0,0,4,0,0,0,0,0,0,0,0,0,0,0,5,4,5,0,5,2,3,1,0,0,0,0,0,0,0,0,0,0,0,0,0,0,0,0,0,0,0,0,0,0,0,0,0,0,0,0,0,0,0,0,0,0,0,0,0,0,0,0,0,0,0,0,0,0,0,0,0,0,0,0,0,0,0,0,0,0,0,0,0,0,0,0,0,0,0,0,0,0,0,0,0,0,0,0,0,0,0,0,2,2,5,4,0,5,0,0,0,0,0,0,0,0,0,0,0,0,0,0,0,0,0,0,0,0,0,0,0,0,0,0,0,0,0,0,0,0,0,0,0,0,0,0,0,0,0,0,0,0,0,0,0,0,0,0,0,0,0,0,0,0,0,0,0,0,0,0,0,0,0,0,0,0,0,0,0,0,0,0,0,0,0,0,0,0,0,0,0,0,0,0,0,0,4,0,0,0,0,0,2,4,0,3,5,0,0,0,0,5,0,0,5,0,0,0,0,2,0,0,0,0,0,0,0,0,0,0,0,0,2,4,0,0,5,4,0,0,5,0,0,5,0,0,0,5,0,0,3,0,0,2,0,0,2,0,3,0,5,2,0,0,0,0,0,0,0,3,0,0,0,0,5
53,0,0,0,0,0,0,0,0,0,0,2,0,0,0,0,0,0,0,0,0,0,0,4,0,0,0,0,0,0,0,0,0,0,0,0,0,0,0,0,0,0,0,0,0,0,0,0,0,0,0,0,0,0,0,0,0,0,0,0,0,0,0,0,0,0,0,0,0,0,0,0,0,0,0,0,0,0,0,0,3,0,0,0,0,0,0,0,0,0,0,0,0,0,0,0,0,0,0,0,0,0,0,0,0,0,0,0,0,0,0,0,0,0,0,0,0,0,2,0,0,0,0,0,0,0,0,0,0,4,0,0,0,0,0,0,3,0,0,0,0,0,0,3,0,0,4,0,0,5,0,4,0,0,5,2,0,3,0,0,2,3,0,5,0,0,0,0,0,0,3,0,3,0,0,0,0,0,3,0,4,3,3,0,4,0,0,0,3,0,0,4,0,0,3,0,0,0,0,3,0,2,5,0,0,0,0,5,5,0,0,3,2,5,0,0,0,0,0,0,0,0,0,0,0,0,2,4,0,0,2,0,2,0,0,3,0,0,5,0,0,0,0,0,0,5,5,0,0,0,3,0,0,0,0,3,0,0,0,0,2,0,4,5,0,4,4,0,0,2,2,0,0,0,4,0,0,4,0,0,0,0,0,0,4,0,0,2,5,0,0,2,5,0,0,3,0,0,0,3,0,2,4,4,0,3,3,0,0,3,0,0,0,0,0,0,0,0,0,0,0,0,0,0,0,0,0,0,0,0,0,0,0,0,0,0,0,0,0,0,0,0,0,0,0,0,0,0,0,0,0,0,0,0,0,0,0,0,0,0,0,0,0,0,0,0,0,0,0,0,0,0,0,0,0,0,0,0,0,0,0,0,0,0,0,0,0,0,0,0,0,0,0
54,4,0,4,0,0,4,4,0,0,5,0,0,2,0,0,2,0,0,0,3,0,4,0,0,0,0,0,0,0,0,0,0,3,0,0,3,0,0,5,0,0,3,0,0,0,0,0,4,0,3,0,0,0,0,0,0,0,0,2,0,0,0,0,0,0,2,0,0,0,0,0,0,0,3,0,5,0,5,0,1,0,0,3,4,0,0,2,0,0,0,2,0,0,0,3,2,0,0,0,0,0,5,0,0,0,0,0,4,0,4,0,0,0,3,0,0,5,3,0,0,0,0,0,0,0,5,0,0,0,5,0,3,3,4,5,0,0,5,0,0,0,0,0,0,0,0,0,0,0,0,0,0,0,0,0,0,0,0,0,0,0,0,0,0,2,0,0,0,0,0,0,0,0,0,0,0,0,3,0,0,1,0,0,0,0,0,0,0,0,0,0,2,0,0,0,0,0,0,0,0,0,0,0,0,0,0,0,0,0,0,0,0,0,3,3,0,0,0,5,2,0,0,0,0,2,0,0,0,0,0,0,0,0,0,0,0,0,0,0,0,0,0,0,0,0,0,0,0,0,0,0,0,0,0,0,0,0,0,0,0,0,0,0,0,0,0,0,0,0,0,0,0,0,0,0,0,0,0,0,0,0,0,0,0,0,0,0,0,0,0,0,0,0,0,0,0,0,0,0,0,0,0,0,0,0,0,0,0,0,0,0,0,0,0,4,3,0,0,0,3,0,0,0,0,0,0,0,0,0,0,0,0,0,0,0,0,0,0,0,0,0,5,0,0,0,0,0,0,0,0,0,4,0,0,5,0,3,0,3,0,3,0,0,3,0,0,3,0,0,0,0,0,0,0,0,4,0,5,0,0,0,0,0,0,2,0,5,0,0,0,0,0
55,0,0,0,0,0,0,0,0,0,0,0,0,0,0,0,0,0,0,0,0,0,0,0,0,5,0,0,0,0,0,0,0,0,0,0,0,0,0,0,0,0,0,0,0,0,0,0,0,0,0,0,0,0,0,0,0,0,0,0,0,0,0,0,0,0,0,0,0,5,0,0,0,0,0,0,0,0,0,0,0,0,0,0,0,0,0,0,0,0,0,0,0,0,0,0,0,0,0,0,0,0,0,0,0,0,0,1,0,0,0,0,0,0,0,0,0,0,0,0,0,0,0,0,0,0,0,0,0,0,0,0,0,0,0,0,0,0,0,0,0,0,4,0,0,0,0,5,2,5,0,0,0,4,0,4,0,0,2,0,2,0,3,0,0,5,4,0,0,0,0,0,0,0,4,4,5,0,4,0,4,0,4,0,2,4,0,0,0,0,0,0,2,0,0,0,0,0,0,2,0,2,0,0,4,4,0,0,0,0,5,0,1,0,0,0,0,0,0,0,0,0,0,0,0,0,0,2,0,0,0,4,0,0,0,0,0,0,0,0,5,0,0,0,0,0,0,4,5,5,2,0,3,4,0,0,0,0,0,3,0,4,0,3,0,0,0,3,0,0,0,5,0,4,3,0,0,0,5,0,0,0,2,4,3,3,0,0,0,0,2,0,3,3,0,2,0,0,0,0,0,0,0,0,0,5,0,0,0,5,0,0,0,0,0,0,0,0,0,0,0,0,0,0,0,0,4,0,0,0,0,0,0,0,0,0,0,0,0,0,0,0,0,0,0,0,0,0,0,0,0,0,0,0,0,0,0,0,0,0,0,0,0,0,0,0,0,0,0,0,0,0,0,0,0,0,0,0,0,0,0,0,0,0,5,0,0,0,0,0,0,0,0
56,0,0,2,0,0,0,0,0,0,0,0,0,0,0,0,0,0,0,3,0,0,0,0,0,0,0,0,0,0,0,0,0,0,0,0,0,0,0,0,0,0,0,0,0,0,0,0,0,0,0,0,0,0,0,0,0,0,0,0,0,0,0,0,0,0,0,0,0,0,0,0,0,0,0,0,0,0,0,0,0,0,0,0,0,0,0,0,0,0,0,0,0,0,0,0,0,2,0,0,0,0,0,0,0,0,0,0,0,0,0,0,0,2,0,0,0,0,0,0,0,0,0,0,0,0,0,0,0,0,0,0,0,0,0,0,0,0,0,2,0,0,2,0,5,0,5,0,0,0,0,2,0,5,0,0,0,2,0,5,0,0,0,0,0,0,0,0,0,0,0,0,0,3,0,0,0,0,3,0,0,0,4,4,3,0,2,0,0,1,0,5,0,0,0,5,3,0,0,5,3,0,0,2,2,0,4,5,4,0,5,0,1,0,0,0,1,0,0,0,0,0,0,0,0,0,3,5,0,5,0,0,5,0,0,0,5,0,4,4,0,5,5,0,0,0,4,0,0,0,0,0,0,0,1,0,0,0,2,0,0,0,4,5,0,3,5,0,0,3,0,0,5,0,0,5,0,4,0,3,0,0,0,4,0,0,3,0,0,0,0,0,0,0,0,3,0,0,0,0,0,0,3,4,0,3,3,0,3,5,2,3,2,0,0,0,0,0,0,0,0,0,0,0,0,0,0,0,0,0,0,0,0,0,0,0,0,0,0,0,0,0,0,0,0,0,0,0,0,0,0,0,0,0,0,0,0,0,0,0,0,0,0,0,0,0,0,0,0,0,0,0,0,0,0,0,0,0,0,0,0,0,0,0,0,0,0,0,3,0,2,0,0
57,0,3,0,0,4,3,0,0,0,0,0,5,0,0,0,0,0,3,4,0,0,0,3,5,0,2,0,0,0,5,0,5,0,3,0,3,0,0,0,3,3,4,0,0,0,0,0,0,3,0,0,3,0,0,0,0,5,0,0,0,3,0,0,0,0,3,0,0,4,2,0,0,0,2,0,5,0,0,0,5,4,0,0,0,5,0,0,4,4,0,5,0,1,5,0,0,0,0,0,0,0,4,0,0,0,0,0,0,0,0,0,4,0,5,2,0,0,0,0,0,2,0,0,0,0,0,0,0,3,5,0,0,0,0,0,0,0,0,0,0,0,0,0,0,0,0,0,0,0,0,0,0,0,0,0,0,3,0,0,5,0,0,0,0,0,0,0,0,0,0,0,0,0,0,0,0,0,0,0,0,0,0,0,0,0,0,0,0,5,5,0,0,0,0,0,0,0,0,0,0,0,0,0,0,0,0,0,0,0,0,0,0,0,4,2,2,0,0,4,0,0,0,0,0,3,0,0,0,2,0,0,0,0,0,0,0,0,0,0,3,3,0,0,0,0,0,0,0,0,0,0,0,0,0,0,0,0,0,0,0,0,0,0,0,0,0,0,0,0,0,0,0,0,0,0,0,0,0,0,0,0,0,0,0,0,0,0,0,3,0,0,0,0,0,0,0,0,0,0,0,0,0,0,0,0,0,0,0,0,0,0,0,0,4,0,0,0,0,0,0,0,0,5,0,0,0,3,0,0,0,3,3,2,0,4,0,3,0,0,0,0,4,0,3,2,0,0,0,0,0,0,0,5,0,0,0,0,2,0,4,4,0,0,0,0,0,0,4,5,0,5,0,0,0,2,0,0,0,0,3,0,0,3,0,4,0,4,0,5,0,0,0
58,0,0,0,0,0,0,0,0,0,0,0,0,0,0,0,0,0,0,0,0,0,0,0,0,0,0,0,0,0,0,0,0,0,0,0,0,0,0,0,3,0,0,0,0,0,0,0,0,0,0,0,0,0,3,0,0,0,0,0,0,0,0,0,0,0,0,0,0,0,0,0,0,0,0,0,0,0,0,2,0,0,0,0,0,0,0,0,0,0,0,0,0,0,0,0,0,0,0,0,0,0,0,0,0,0,0,0,0,0,0,0,0,0,0,0,0,0,1,0,0,0,0,0,0,0,0,0,0,0,0,0,0,0,0,0,0,0,0,0,0,0,0,0,0,0,0,4,3,0,4,0,3,0,0,0,0,4,0,0,0,3,0,4,0,5,0,3,3,4,3,3,0,2,0,2,4,2,0,0,0,0,3,0,0,4,0,0,3,0,4,0,3,0,0,0,0,0,0,0,0,0,0,5,0,0,4,0,0,0,2,5,0,0,0,0,0,0,0,0,0,0,0,4,0,0,3,4,5,0,0,0,5,0,0,0,0,5,0,0,4,0,0,3,5,0,0,3,0,0,0,4,0,0,3,3,5,0,0,0,2,4,0,5,5,5,0,2,0,5,2,0,0,0,3,0,0,0,0,5,3,4,0,0,5,3,0,0,0,3,3,0,4,0,0,0,0,0,0,0,0,0,2,5,0,0,0,0,0,0,4,0,0,0,0,0,0,0,0,0,0,0,0,0,0,0,0,0,0,0,0,0,0,0,1,0,0,0,0,0,0,0,0,0,0,0,0,0,0,0,0,0,0,0,0,0,0,0,0,0,0,0,0,0,0,0,0,0,0,0,0,0,0,0,0,0,0,0,0,0,0,0,0,0,0,3,0,0,2,0,0,0,0
59,5,0,5,0,2,2,3,0,0,0,0,3,0,0,0,3,0,0,0,0,0,0,0,0,0,0,0,0,0,0,0,5,0,0,0,0,4,0,0,2,4,0,0,0,4,3,0,2,0,0,0,0,0,2,4,4,0,0,0,0,1,3,0,5,5,0,0,2,4,0,5,0,0,0,3,0,0,0,0,0,0,0,0,0,0,0,3,0,0,3,0,3,0,0,5,3,0,4,0,2,0,0,0,0,0,4,3,0,4,0,0,0,0,5,5,4,0,0,0,0,4,0,5,4,0,0,0,0,0,3,0,0,3,0,0,0,2,0,4,0,0,0,0,0,0,0,0,0,0,0,0,0,0,0,0,0,0,0,0,0,0,0,0,0,0,0,0,0,0,0,0,0,0,0,0,0,0,0,0,0,0,0,0,0,0,0,4,0,0,0,0,0,0,0,0,0,0,0,0,0,0,0,0,0,0,0,0,0,0,0,0,0,0,0,0,0,0,3,0,0,0,0,0,3,0,0,0,0,0,0,0,0,0,0,0,0,0,0,0,0,0,0,0,0,0,0,0,0,0,0,0,0,0,0,0,0,0,0,0,0,0,0,0,0,0,0,0,0,0,0,0,0,0,0,0,0,0,0,0,0,0,0,0,0,0,0,0,0,0,0,0,0,0,0,0,0,0,0,0,0,0,0,0,0,0,0,0,0,0,0,0,0,0,0,0,4,0,0,0,0,4,0,5,0,0,0,3,0,0,0,0,0,0,0,0,0,2,0,0,0,0,0,0,5,0,0,0,0,0,0,0,0,0,0,0,5,0,0,0,0,0,0,0,0,4,0,3,0,4,0,4,0,4,0,3,0,0,0,5,0,3,0,0,0,4,0,0,3,0,3,0,0
60,0,0,0,0,0,0,0,0,0,0,0,0,0,0,0,0,0,0,0,0,0,0,0,0,0,0,0,0,0,0,0,0,0,0,0,0,0,0,0,0,0,0,0,0,0,0,0,0,0,0,0,0,0,0,0,0,0,0,0,0,0,0,0,0,0,0,0,0,0,0,0,0,0,2,0,0,0,0,0,0,0,0,0,0,0,0,0,0,0,0,0,0,0,0,0,0,0,0,0,0,0,0,0,0,0,0,0,0,0,0,0,0,0,0,0,0,0,0,0,0,0,3,4,0,0,0,0,0,0,0,0,0,0,0,0,0,0,0,0,0,3,5,0,5,0,5,0,0,0,3,0,0,0,0,0,0,0,0,0,0,0,4,0,0,4,0,0,0,2,0,0,5,0,3,4,0,0,0,5,3,3,0,3,0,4,5,0,0,0,0,0,0,0,0,0,4,3,0,0,0,0,0,3,5,0,0,0,0,0,0,0,0,4,0,0,0,0,0,0,0,0,0,0,0,0,0,0,5,0,0,5,0,3,0,0,0,0,0,0,3,0,0,0,0,0,0,0,0,5,5,0,0,0,4,0,0,0,2,0,0,5,0,0,0,0,0,0,0,0,2,0,0,0,5,3,3,0,0,3,5,0,5,0,0,0,0,0,0,0,1,0,5,0,3,0,2,0,5,2,2,3,5,0,0,0,0,0,0,0,5,3,0,0,0,0,0,0,0,0,0,0,0,0,5,0,0,0,0,0,4,0,0,0,0,0,0,0,0,0,0,0,0,0,0,0,0,0,0,0,0,0,0,0,3,0,0,0,0,0,0,0,0,0,0,0,0,0,0,0,0,3,0,0,0,0,0,0,0,0,0,0,0,0,0,0,3,0,0,0,0,0,0
61,0,0,0,0,0,0,0,0,0,0,0,0,0,0,0,0,0,0,0,0,0,0,0,3,0,0,0,0,0,0,0,0,0,0,0,0,0,0,0,0,0,0,0,0,0,0,0,0,0,0,0,0,0,0,0,0,0,0,0,0,0,0,0,0,0,0,0,0,0,0,0,0,0,0,0,0,0,0,0,0,0,0,0,0,0,0,0,0,0,0,0,0,0,0,0,0,0,0,0,0,0,0,0,0,0,0,0,0,0,0,0,0,0,0,0,0,0,0,0,0,0,0,0,0,1,0,0,0,0,0,0,0,0,0,0,0,0,0,0,3,2,1,0,0,0,0,0,0,0,3,0,4,0,0,0,2,0,5,0,5,0,5,0,1,4,0,3,0,0,5,0,0,5,0,0,4,0,0,0,0,0,0,1,0,5,0,0,0,0,0,2,3,0,2,3,3,0,5,0,0,0,0,0,0,0,3,2,0,0,0,0,0,5,0,0,0,0,0,0,0,0,0,0,0,0,0,0,0,0,0,0,5,5,0,5,0,5,0,0,3,4,5,2,3,0,0,0,0,2,5,0,0,0,3,0,2,0,2,0,2,0,3,0,5,0,5,0,4,0,5,4,0,0,2,0,0,0,0,4,0,4,0,0,2,0,0,0,0,0,2,0,5,0,0,0,0,0,0,0,0,0,2,0,0,0,0,0,0,3,0,0,3,0,0,0,0,0,0,0,0,0,0,0,0,0,0,0,0,0,0,0,0,0,0,0,0,0,0,0,0,0,0,0,0,0,0,0,0,0,2,0,0,0,0,0,0,0,0,0,0,0,0,0,0,0,0,0,0,0,0,0,0,0,0,0,0,0,0,0,0,3,0,0,0,0,0,0,2,0,0,0,0
62,0,0,4,5,3,3,3,0,4,0,1,0,0,0,2,3,0,0,5,3,4,2,4,0,0,0,5,2,0,0,0,0,0,3,3,0,0,0,0,0,0,0,0,0,0,4,0,0,0,3,0,0,0,0,4,3,0,5,2,0,0,5,0,3,0,0,0,0,4,0,0,0,0,0,0,2,4,4,0,0,0,0,0,0,0,0,5,0,0,0,0,0,0,0,0,3,0,0,2,3,0,4,0,0,0,0,0,4,0,0,0,0,0,0,0,0,2,0,0,0,0,0,0,0,0,0,4,0,0,0,0,2,4,0,0,0,0,0,0,0,4,0,0,5,0,0,0,0,0,0,0,0,0,0,0,0,0,0,0,0,0,0,0,0,0,0,0,0,0,0,0,0,0,0,0,0,0,0,0,0,0,0,0,0,0,0,0,0,0,0,0,0,0,0,0,0,0,0,0,0,0,0,0,0,0,0,0,0,0,0,0,0,0,5,0,0,0,0,2,5,4,0,4,5,0,0,0,0,0,0,0,0,0,0,0,0,0,0,0,0,0,0,0,0,0,0,0,0,0,0,0,0,0,0,0,0,0,0,0,0,0,0,0,0,0,0,0,0,0,0,0,0,0,0,0,0,0,0,0,0,0,0,0,0,0,0,0,0,0,0,3,0,0,0,0,0,0,0,0,0,0,0,0,0,0,0,0,0,0,0,0,0,0,0,0,0,0,2,2,0,0,3,0,0,0,0,0,0,5,3,0,3,3,2,0,0,0,4,0,0,3,0,0,0,0,1,0,0,0,4,2,0,2,5,0,0,0,0,0,0,0,0,3,0,4,4,0,2,0,2,0,0,0,3,2,3,0,0,5,0,4,0,0,0,0,4,3,0,0,0,0,0
63,0,4,0,0,0,3,3,0,2,0,0,2,3,2,0,0,0,0,0,4,0,0,0,0,0,0,0,0,0,0,0,0,4,0,0,0,0,0,4,0,0,4,0,3,0,0,0,2,0,0,0,0,0,0,2,0,5,0,0,0,0,0,0,0,0,4,0,0,0,0,2,0,5,0,0,0,0,0,3,4,0,0,0,2,3,2,4,0,0,0,0,0,4,4,0,0,4,5,0,0,0,2,4,5,3,0,2,2,0,0,3,4,0,0,0,0,4,0,0,0,0,0,0,0,0,0,0,0,3,0,0,2,0,3,0,0,0,5,0,0,0,0,0,0,0,0,0,0,0,0,0,0,0,0,5,0,0,0,3,0,0,0,0,0,0,0,0,0,0,0,0,0,0,0,0,0,0,0,0,0,0,0,4,0,0,0,0,0,0,0,0,0,0,0,0,0,0,0,0,0,0,3,0,0,0,0,0,0,0,0,0,0,0,0,3,0,0,5,4,0,0,5,0,0,0,0,0,0,0,0,0,0,0,0,0,0,0,0,0,0,0,0,0,0,0,0,0,0,0,0,0,0,0,0,0,0,0,0,0,0,0,0,0,0,0,0,0,0,0,0,0,0,0,0,0,0,0,0,0,0,0,0,0,0,0,0,0,0,0,0,0,0,0,0,0,0,0,0,0,0,0,0,0,0,0,0,0,0,0,0,0,0,0,0,0,0,0,0,5,0,0,0,0,0,0,0,0,3,0,3,0,0,5,0,2,0,0,0,0,0,2,0,3,0,0,4,0,5,0,0,0,5,0,0,2,4,0,0,0,0,0,0,0,0,5,0,0,0,0,0,0,0,0,0,0,0,0,0,0,0,0,0,4,0,0,5,0,0,0,0,4,0
64,0,0,1,0,0,0,0,0,0,0,0,0,0,0,0,0,0,0,0,0,0,0,0,0,0,0,3,0,0,0,0,0,0,1,0,0,0,0,0,0,0,0,0,0,0,0,0,0,0,0,0,0,0,0,0,0,0,0,0,0,0,0,0,0,0,0,0,0,0,0,0,0,0,0,0,0,0,0,0,0,0,0,0,0,0,0,0,0,0,0,0,0,0,0,0,0,0,0,0,0,0,0,0,0,0,0,0,0,0,0,0,0,0,0,0,0,1,0,0,0,0,0,0,0,0,0,0,0,0,0,0,0,0,0,0,0,0,0,0,0,0,0,0,0,4,0,2,0,0,3,0,0,0,0,4,0,0,0,3,0,0,0,0,0,0,0,2,0,0,0,0,0,0,0,4,0,0,4,0,1,0,0,0,4,5,5,2,0,0,4,0,4,2,0,0,4,4,0,5,4,0,0,4,4,2,0,0,4,0,2,5,0,5,0,0,0,0,0,0,0,0,0,0,0,0,2,3,5,0,2,0,0,0,3,0,3,0,0,0,5,5,0,0,0,0,4,0,2,0,2,5,5,0,0,2,3,0,0,0,0,4,0,3,3,0,4,0,0,3,0,4,0,0,0,0,0,2,0,0,1,2,0,0,0,0,0,0,0,2,3,2,2,0,4,0,0,0,5,0,0,0,0,0,3,4,0,3,0,0,0,2,0,0,0,0,0,0,0,0,0,0,0,0,0,0,0,0,0,0,0,0,0,0,4,0,0,0,0,5,0,0,0,0,0,0,0,0,0,0,0,0,0,0,0,0,0,0,0,0,0,0,0,0,0,0,0,0,0,0,0,0,0,0,4,0,0,0,0,0,0,0,0,0,0,0,0,0,0,0,0,0,0
65,0,0,2,5,0,0,0,0,0,0,2,5,0,0,0,0,0,0,0,0,0,0,0,0,4,0,5,0,0,0,0,0,0,3,0,0,0,4,3,0,0,0,0,0,0,2,3,0,0,0,0,0,0,0,0,0,0,0,5,0,5,0,0,3,0,5,0,0,0,0,4,5,5,0,0,0,0,0,4,0,0,0,5,0,0,0,0,0,5,0,3,1,2,5,4,0,0,0,2,0,0,0,0,3,5,0,2,0,0,2,3,2,0,0,0,0,0,3,0,0,0,0,4,0,0,0,0,0,0,0,0,4,2,0,2,0,0,4,0,0,0,0,0,0,0,0,0,0,0,0,0,0,0,0,0,0,0,0,0,0,0,0,0,0,4,0,0,0,0,0,0,0,0,0,0,0,0,0,0,0,0,0,0,0,0,0,0,0,0,0,0,0,0,0,0,0,0,0,0,0,0,0,0,0,0,0,0,0,0,0,0,0,0,0,0,0,0,0,3,0,0,0,5,0,0,0,0,0,0,0,0,0,0,0,0,0,0,0,0,0,0,0,0,0,0,0,0,0,0,0,0,0,0,0,0,0,0,0,0,0,0,0,0,0,0,0,0,2,0,0,0,0,0,0,0,0,0,0,0,0,0,0,0,0,0,0,0,0,0,0,0,0,0,0,0,0,0,0,0,0,0,5,0,0,0,0,0,0,0,0,0,0,0,0,5,0,0,0,0,2,0,0,0,0,0,0,0,0,2,0,2,5,3,0,0,0,0,0,0,0,4,0,0,4,0,0,0,0,5,0,2,0,0,0,2,0,0,0,2,0,0,3,0,0,0,0,5,0,0,2,0,5,0,3,0,0,0,0,0,0,0,0,5,0,2,0,0,4,0,0,0,0
66,0,0,0,0,0,0,0,0,0,0,5,0,0,0,0,0,0,0,0,0,0,0,0,0,0,0,0,0,0,0,0,0,5,0,0,0,0,0,0,0,0,0,0,0,0,0,0,0,0,0,0,0,0,0,0,0,4,0,0,0,0,0,0,0,3,0,0,0,0,0,0,0,0,0,0,0,0,0,0,0,0,0,0,0,0,0,0,0,2,0,0,0,0,0,0,0,0,0,0,0,0,0,0,0,0,0,0,0,0,0,0,0,0,0,0,0,0,0,0,0,0,0,0,0,0,0,0,0,4,0,0,0,0,0,0,0,0,0,2,0,0,3,5,0,0,0,4,0,3,0,0,0,0,0,3,5,0,5,0,0,0,0,0,0,0,0,0,5,0,0,0,0,3,0,0,2,0,0,0,0,0,2,0,2,0,0,0,0,0,0,0,0,0,0,0,4,0,3,0,0,0,0,3,0,0,0,3,4,0,0,0,0,0,0,0,0,0,0,0,0,0,0,0,0,0,0,4,2,0,0,2,0,3,0,2,0,0,0,4,2,2,0,0,5,3,0,5,0,0,0,0,5,4,2,0,0,0,0,0,3,0,0,0,0,2,0,0,0,0,3,0,3,5,0,0,4,0,0,4,2,0,0,0,0,0,0,0,3,0,0,0,0,5,4,2,4,2,0,0,0,0,0,4,0,0,0,0,0,0,0,0,4,0,0,0,0,0,0,0,0,0,0,0,0,0,0,0,0,0,0,0,0,0,0,0,0,0,0,0,0,0,0,0,0,0,0,0,0,0,0,0,0,0,0,0,0,0,0,0,0,0,0,0,0,0,0,0,0,0,0,0,0,0,0,0,0,0,0,0,0,0,0,0,0,0,0,0,0,0,0,4,0
67,0,0,0,0,0,0,0,1,0,0,0,0,0,0,0,0,0,0,0,0,0,0,0,0,0,0,0,0,0,0,0,0,0,0,0,0,0,0,0,0,0,0,0,0,0,0,0,0,0,0,0,0,0,0,0,0,0,0,0,0,0,0,0,0,0,0,0,0,0,0,0,0,0,0,0,0,0,0,0,0,0,0,0,0,0,4,0,0,0,0,0,0,0,0,0,0,0,0,0,0,0,0,0,0,0,0,0,0,0,0,0,0,0,0,0,0,0,0,0,0,0,0,0,0,0,0,5,0,0,0,0,0,0,0,0,0,0,0,4,0,4,0,0,2,4,2,5,0,2,2,0,4,5,2,0,3,0,5,0,0,3,0,0,3,0,0,0,1,0,0,0,0,4,2,0,3,5,4,5,0,0,0,0,0,0,5,0,0,2,0,0,4,0,0,2,0,1,2,5,0,0,2,0,0,5,0,0,0,0,0,0,0,2,0,0,0,0,0,0,0,0,0,0,0,0,0,0,0,4,0,0,5,5,0,0,0,5,0,0,0,0,2,0,5,2,0,0,0,2,0,0,0,0,1,0,0,0,2,5,0,2,5,0,0,5,2,0,2,0,3,5,0,0,0,0,0,3,0,0,3,5,3,5,0,0,0,0,0,0,0,4,0,0,0,0,0,2,0,3,0,0,5,0,0,0,3,5,0,0,0,0,3,0,0,0,0,0,0,0,0,0,0,0,0,0,3,5,0,0,0,0,0,0,0,0,0,0,0,0,0,0,0,5,0,0,0,0,0,0,0,0,0,0,0,0,0,0,0,0,0,0,0,0,0,0,0,0,0,0,0,0,0,0,0,0,0,0,0,0,0,0,0,0,0,0,0,0,0,0,0,0,0
68,4,0,0,5,0,0,3,0,0,0,0,0,0,0,0,0,3,0,4,3,0,2,3,0,2,5,0,0,0,0,2,0,3,2,0,0,0,0,0,0,0,0,0,5,0,0,1,5,0,0,3,4,0,0,0,0,5,3,4,3,0,0,0,5,0,0,0,0,0,0,0,0,0,0,0,0,0,0,0,0,0,0,0,3,0,3,5,4,0,4,5,2,5,0,0,0,2,0,2,2,4,0,2,2,0,0,2,0,0,3,0,0,0,0,0,0,0,0,0,0,0,0,0,0,0,0,0,0,0,0,2,0,3,0,0,0,0,0,0,0,0,0,0,0,0,0,0,0,0,0,0,0,0,0,0,0,0,0,0,0,0,0,0,0,0,0,0,0,0,0,0,0,0,0,0,0,0,0,0,0,0,0,0,0,0,0,0,0,0,0,0,0,0,4,0,0,0,0,0,0,0,0,0,0,0,0,0,0,0,0,0,0,0,5,0,0,0,3,4,3,4,0,0,0,5,0,0,0,0,0,0,0,0,0,0,0,0,0,0,0,0,0,0,0,0,0,0,0,0,0,0,0,0,0,0,0,0,0,5,0,0,0,0,0,4,0,0,0,0,0,0,0,0,0,0,0,0,0,0,0,0,0,0,0,0,0,0,0,0,0,0,0,0,0,0,0,0,0,0,0,0,0,0,0,0,0,0,0,0,0,0,0,0,0,0,4,0,4,0,0,3,0,0,0,0,0,0,0,0,0,4,0,0,5,0,0,0,0,0,0,0,5,3,2,0,0,0,3,0,2,2,0,0,3,4,0,0,0,0,0,0,0,5,4,2,0,0,0,0,3,0,5,3,2,5,3,0,0,0,0,0,5,0,2,0,5,0,0,5,0,0,0
69,0,0,0,0,0,3,5,0,0,0,0,5,0,0,0,0,0,0,2,0,0,0,0,0,0,0,3,0,0,5,2,0,0,0,0,0,0,0,0,0,0,0,2,0,0,0,2,0,4,0,0,0,0,0,0,5,0,0,0,5,3,0,0,0,0,2,0,3,0,0,0,0,0,5,0,0,0,0,0,0,3,0,4,0,0,3,0,0,0,0,0,0,0,0,2,3,3,0,0,0,0,3,0,0,0,0,0,0,3,0,3,0,0,4,4,0,0,0,5,0,0,0,0,0,0,0,0,0,0,0,0,0,0,0,0,0,4,0,0,0,0,0,0,0,0,0,0,0,0,0,0,0,0,0,0,0,0,0,0,0,0,0,0,0,0,0,0,0,0,0,0,0,0,0,0,0,0,0,0,0,0,0,3,0,0,0,0,0,0,0,0,0,0,0,0,0,0,0,0,0,0,0,0,0,0,0,0,0,0,0,0,0,0,0,0,1,5,0,0,5,3,0,2,3,0,0,0,0,0,0,0,0,0,0,0,0,0,0,0,0,4,0,0,0,0,0,0,0,0,0,0,0,0,0,0,0,0,0,0,0,0,0,0,0,0,0,0,0,0,0,0,0,0,0,0,0,0,0,0,0,0,0,0,0,0,0,0,0,0,0,0,0,0,0,0,0,0,0,0,0,0,0,0,0,0,0,0,0,0,0,0,0,4,0,0,0,0,0,2,0,0,0,5,3,0,0,2,0,0,0,0,0,1,0,4,2,3,5,0,0,0,0,0,0,0,0,0,3,0,0,5,4,5,0,0,0,0,4,0,0,2,0,0,0,0,0,5,0,0,0,5,0,2,0,5,0,2,4,5,0,0,0,0,0,2,5,0,0,0,0,0,0
70,0,0,3,0,4,5,4,0,0,5,0,0,5,0,0,0,5,0,0,4,0,0,3,4,0,5,0,0,0,0,0,3,0,0,4,0,0,0,0,0,3,0,0,0,0,0,0,3,3,0,1,0,0,0,5,0,0,0,4,0,0,4,5,5,0,2,5,0,2,3,5,5,0,5,2,4,3,0,0,0,0,0,0,0,0,0,2,0,0,0,0,3,3,0,0,4,0,3,0,0,0,5,5,0,0,0,0,3,0,0,5,0,0,0,0,0,0,0,0,0,0,3,0,0,0,0,0,0,2,0,0,5,0,0,3,0,0,0,0,0,0,0,0,0,3,0,0,0,0,0,0,0,0,0,0,0,0,0,0,0,0,0,0,0,0,0,0,0,0,0,5,0,0,0,0,0,4,0,0,0,0,0,0,0,0,0,0,0,0,0,0,0,0,0,0,0,0,0,0,0,0,0,0,0,0,0,0,0,0,0,0,0,0,2,0,0,5,0,0,0,5,5,0,0,1,0,0,0,0,0,0,0,0,0,0,0,0,0,0,0,0,0,0,0,0,0,0,0,0,0,0,5,0,0,0,0,0,0,0,0,0,0,0,0,0,5,0,0,0,0,0,0,0,0,0,0,0,0,0,0,0,0,0,0,0,0,0,0,0,0,0,0,0,0,0,0,0,0,0,0,0,0,0,0,0,0,0,0,0,0,0,0,0,4,5,4,5,0,0,0,0,2,0,0,5,0,0,3,0,0,2,0,0,2,2,0,0,0,0,0,4,0,3,0,0,0,0,0,0,0,4,4,0,0,0,0,0,4,0,4,0,4,0,0,0,0,0,0,3,0,0,0,0,0,5,0,5,4,0,2,0,0,0,0,0,5,0,2,4,5,0,0
71,0,0,0,0,0,0,0,0,0,0,1,0,0,0,0,0,0,0,0,0,0,0,0,0,0,0,0,0,0,0,0,0,0,0,0,0,0,0,0,0,0,0,0,0,0,0,0,0,0,0,0,0,0,0,0,0,0,0,0,0,0,0,0,0,0,0,0,3,0,0,0,0,0,0,0,0,0,0,0,0,0,0,0,0,0,0,0,0,0,0,0,0,0,0,0,0,0,0,0,0,0,0,0,0,0,0,0,0,0,0,0,0,0,0,0,0,0,0,0,0,0,0,0,0,0,0,0,0,0,0,0,0,0,0,0,0,0,0,0,3,0,2,3,0,0,0,0,0,4,2,0,2,5,4,0,0,4,0,0,0,0,0,0,2,2,3,5,0,0,0,0,0,0,0,0,0,0,0,0,5,0,0,5,5,0,0,0,0,3,5,0,2,0,0,0,0,0,0,0,2,3,0,0,3,0,4,0,5,0,0,0,5,3,0,0,0,0,0,0,0,3,4,0,0,0,0,0,0,0,3,3,0,0,0,2,0,0,0,0,0,0,0,0,4,0,5,3,3,4,0,4,4,5,2,0,0,3,0,4,0,4,0,0,3,4,2,0,0,0,5,0,0,0,0,3,0,5,3,0,4,3,0,0,0,5,0,0,5,0,3,4,4,0,0,0,0,4,0,0,0,0,3,0,2,5,3,0,0,0,0,0,0,0,0,0,0,0,0,0,0,0,0,0,0,0,0,0,0,0,0,0,0,0,0,0,0,0,0,0,0,0,0,0,0,0,0,0,0,0,0,0,0,0,0,0,0,0,0,2,0,0,0,0,0,0,0,0,0,0,0,0,5,0,0,0,0,0,0,0,0,0,0,0,0,0,0,0,0,0,0,0,0
72,0,0,0,0,0,0,0,0,0,0,0,0,0,0,0,0,0,0,0,0,0,0,0,0,0,0,0,0,0,0,0,0,0,0,0,0,0,0,0,0,0,0,0,0,0,0,0,0,5,0,0,0,0,0,0,0,1,0,0,0,0,0,0,0,0,0,0,0,0,0,0,0,3,0,0,0,0,0,0,0,0,0,0,0,0,0,0,0,0,0,0,0,0,0,0,0,0,0,0,0,0,0,0,0,0,0,0,0,0,0,0,0,0,0,0,0,0,0,0,0,0,0,0,0,0,0,0,0,0,0,0,0,0,0,0,0,0,0,0,0,0,4,0,0,0,0,2,0,4,0,5,5,0,5,0,5,0,0,3,5,0,5,0,2,0,0,0,0,0,0,0,4,0,0,0,0,0,3,0,4,0,0,0,0,0,3,0,0,5,5,0,0,5,0,5,0,5,0,0,0,0,0,0,0,3,0,0,0,0,0,0,0,3,0,0,0,0,0,0,0,0,0,0,0,0,0,0,3,0,0,0,4,5,0,2,0,3,5,0,0,0,0,0,5,0,0,0,0,0,0,3,0,4,0,0,0,0,0,0,0,4,0,0,0,0,2,0,0,0,0,4,0,2,0,0,2,0,0,0,0,0,0,1,0,1,5,0,0,0,0,0,0,0,5,0,0,4,3,0,3,0,0,0,2,3,0,3,0,0,5,0,4,0,0,0,0,0,0,0,0,0,0,0,0,0,0,0,0,0,0,0,0,0,0,0,0,0,0,0,0,0,0,0,0,0,0,0,0,0,0,0,0,0,0,0,0,0,0,0,0,0,0,0,0,0,5,0,0,0,0,0,0,0,0,0,0,0,0,0,0,0,0,0,0,0,0,0,0,0,0,0,0
73,2,0,0,5,0,0,0,0,5,0,0,0,5,0,0,0,0,0,0,0,0,0,5,0,0,0,0,0,0,0,2,2,0,0,0,0,3,0,0,0,0,0,4,2,4,0,0,2,0,0,0,0,5,5,5,0,5,3,3,0,0,4,0,0,0,2,3,3,0,3,0,0,0,5,5,0,3,0,0,0,0,0,4,4,4,4,2,0,0,2,0,5,5,0,0,4,0,0,0,0,0,4,0,0,0,0,5,0,0,0,0,0,0,0,0,0,0,0,1,0,0,0,0,0,0,3,0,0,3,0,0,0,0,0,0,4,0,5,0,0,5,0,0,0,0,0,0,0,0,0,0,0,0,0,3,0,0,0,0,0,0,0,0,4,0,0,0,0,0,0,0,0,0,0,0,0,0,0,0,0,0,0,0,0,0,0,0,0,0,0,0,0,0,0,0,0,2,0,0,0,0,0,0,0,0,0,0,0,0,0,0,0,0,0,0,2,4,0,0,0,0,5,0,0,5,0,0,0,0,0,0,0,0,0,2,0,0,0,0,5,0,0,0,0,0,0,0,0,0,0,0,0,0,0,0,0,0,0,0,3,0,4,0,0,0,0,0,0,0,0,0,0,0,0,0,0,0,0,0,0,0,0,0,0,0,0,0,0,0,0,0,0,0,0,0,0,0,0,0,0,0,0,0,0,0,0,0,0,0,0,0,0,0,0,0,0,0,0,2,0,0,4,0,3,0,0,4,0,0,5,0,3,0,0,3,0,5,4,2,0,3,0,3,2,0,0,0,0,5,0,0,0,0,0,0,5,0,5,2,0,0,0,0,0,2,0,0,0,0,0,0,0,0,0,0,0,4,0,0,0,0,0,0,0,4,4,0,0,2,0,0,0
74,0,4,0,0,0,0,5,0,0,0,4,3,0,0,3,0,0,0,0,3,2,0,3,0,0,3,0,0,0,0,0,0,0,4,0,0,0,2,0,0,0,4,0,3,0,0,5,0,0,0,0,0,0,0,0,2,0,4,4,3,5,0,0,0,4,0,0,0,0,0,0,0,0,0,3,2,0,0,2,0,4,0,5,0,0,0,0,0,0,0,0,0,0,0,0,0,0,0,0,0,3,5,2,0,0,0,0,0,4,2,0,0,3,0,0,0,0,0,2,0,0,0,4,1,0,0,3,0,0,0,0,0,5,0,0,0,0,4,0,0,0,0,0,0,0,0,0,0,0,4,0,0,0,0,0,0,0,0,0,0,0,0,0,0,0,0,0,0,0,0,0,0,0,0,0,0,0,0,0,0,0,0,0,0,0,0,0,0,0,0,0,0,0,0,0,0,0,0,0,0,0,0,0,0,0,0,0,0,0,0,0,0,0,0,0,0,4,0,0,0,3,4,0,0,0,0,0,0,0,0,0,0,0,0,0,0,0,0,0,0,0,0,0,0,0,0,0,0,0,0,0,0,0,0,0,0,0,0,0,0,0,0,0,0,0,0,0,0,5,0,0,0,0,0,0,0,0,0,0,0,0,0,0,0,0,0,0,0,0,0,0,0,0,0,0,0,0,0,0,0,0,0,0,0,0,0,0,0,0,0,0,0,2,0,5,0,0,3,0,2,0,0,0,0,4,0,0,0,0,0,0,0,0,0,0,3,0,4,0,0,0,0,0,2,3,5,0,0,2,5,3,2,4,4,0,5,0,0,0,0,0,0,0,0,0,0,0,3,3,0,0,0,0,0,4,0,0,4,0,0,0,0,0,3,0,0,0,0,0,0,0,4
75,0,0,0,0,0,0,0,4,2,0,0,0,0,0,0,0,0,0,0,0,0,0,0,0,0,0,0,0,0,0,0,0,0,0,1,0,0,0,0,0,0,0,0,0,0,0,0,0,1,0,0,0,0,0,0,0,0,0,0,0,0,0,0,0,0,0,0,0,0,1,0,0,0,0,0,0,0,0,0,0,0,0,0,0,0,0,0,0,0,0,0,0,0,0,0,0,0,0,0,0,0,0,0,0,0,0,0,0,0,0,0,0,0,0,0,0,0,0,0,0,0,0,0,0,0,0,0,0,0,4,0,0,0,0,0,0,0,0,0,0,0,0,2,3,0,0,0,0,0,0,3,0,5,5,0,0,0,0,3,0,0,0,0,0,0,0,0,2,5,0,0,0,5,0,0,0,0,0,0,4,0,0,0,0,3,0,2,2,4,2,0,0,0,3,2,0,4,2,4,0,0,4,0,0,0,3,0,0,0,3,0,0,0,0,0,0,0,0,0,0,0,0,0,0,0,0,0,5,0,0,5,0,0,2,0,0,2,0,4,0,0,2,0,5,5,2,3,0,5,0,0,0,3,0,0,3,0,0,4,4,0,4,4,0,0,0,2,0,0,4,0,0,0,4,0,5,5,0,0,0,3,0,0,0,0,0,0,0,0,0,0,5,0,4,0,0,3,0,0,0,0,0,0,2,0,0,3,0,0,0,2,0,0,0,0,0,0,0,0,0,0,0,0,0,0,0,0,0,0,0,0,0,0,0,0,0,0,0,0,0,0,0,0,0,0,0,0,0,0,0,0,0,0,0,0,0,0,0,0,0,0,0,0,0,0,0,0,0,5,0,0,0,0,0,0,0,0,0,0,5,0,0,0,0,0,0,0,0,0,0,0,0
76,0,0,0,0,0,0,0,0,0,0,0,0,0,0,0,0,0,0,0,0,0,0,0,0,0,0,0,0,0,0,0,0,0,0,0,0,0,0,0,0,0,0,0,0,0,0,0,0,0,0,0,0,0,0,0,0,0,0,0,0,0,0,0,0,0,0,0,0,0,0,0,0,0,0,0,0,0,0,0,0,0,0,0,0,0,0,0,0,0,0,0,0,0,0,0,0,0,0,0,0,0,0,0,0,0,0,0,4,0,0,0,0,0,0,0,0,0,0,0,0,0,0,0,0,0,0,0,0,0,0,0,0,0,0,0,0,0,0,4,0,0,0,0,0,0,2,0,0,0,3,0,0,4,0,4,0,4,0,0,3,0,0,0,0,5,3,0,0,0,0,4,3,4,0,0,0,0,0,5,2,0,0,0,2,5,0,4,0,0,2,3,0,2,0,0,0,4,0,4,0,0,0,0,3,0,0,2,0,0,4,0,0,0,0,0,0,5,0,0,0,0,0,0,0,0,0,0,0,0,0,5,0,0,2,0,0,5,4,0,0,0,0,4,0,0,5,0,0,3,3,0,3,5,0,0,0,0,0,0,0,0,2,2,0,0,0,0,0,0,0,0,0,0,2,4,3,0,0,0,0,0,2,0,2,0,2,3,0,0,0,0,0,0,0,0,0,0,1,0,4,3,2,0,4,0,0,0,2,2,0,0,0,0,0,0,0,0,0,0,0,0,0,0,0,0,0,0,0,0,0,0,0,0,0,0,0,0,0,0,0,0,0,0,0,0,0,0,0,0,0,0,0,0,0,0,0,0,0,0,0,0,0,0,0,0,4,0,0,0,0,0,0,0,0,0,0,0,0,0,0,0,0,0,0,0,0,0,0,0,0,0,0
77,0,0,0,0,0,0,0,0,0,0,0,0,0,0,0,0,0,0,0,0,0,0,0,0,0,0,0,0,0,0,0,0,0,0,0,0,0,0,0,0,0,0,0,0,0,0,0,0,0,0,0,0,0,0,0,0,0,0,0,0,0,0,0,0,0,0,0,0,5,0,0,0,0,0,0,0,0,0,0,0,0,0,0,0,0,0,1,0,0,0,0,0,0,0,0,0,0,0,1,0,0,0,0,0,0,0,0,0,0,0,0,3,0,0,0,0,0,0,0,0,0,0,0,0,0,0,0,0,0,0,0,0,0,0,0,0,0,0,0,0,0,3,5,0,0,0,0,0,3,0,5,3,0,0,0,0,0,0,0,0,0,0,3,2,2,0,3,0,0,0,0,0,0,0,0,0,0,0,4,0,2,0,0,0,0,5,2,0,0,0,4,0,0,3,0,0,3,0,0,0,0,3,0,4,0,0,0,0,4,0,0,0,4,0,0,0,0,0,0,0,0,0,0,0,0,0,0,0,0,2,0,0,4,0,2,0,4,5,5,5,4,0,5,0,0,5,0,0,0,0,3,0,0,0,0,0,2,0,0,4,3,0,5,0,0,0,0,0,0,3,0,0,0,0,0,0,0,0,2,0,0,3,0,0,0,0,2,0,0,3,0,0,0,0,0,2,0,3,0,2,3,2,0,2,3,3,0,4,5,0,0,0,0,0,0,0,0,0,0,0,0,0,0,0,0,0,0,0,0,0,0,0,0,0,0,0,0,0,0,0,0,0,0,0,0,0,0,0,0,0,0,0,0,0,0,0,0,0,0,0,0,0,0,0,0,0,0,0,0,0,0,0,0,0,0,0,0,0,0,0,0,0,0,0,0,0,0,0,4,0,0,0
78,0,4,0,1,0,0,5,0,0,2,0,0,0,3,0,0,0,0,0,0,0,0,3,0,0,4,0,5,3,0,0,0,0,0,2,0,0,0,4,0,0,3,0,0,0,0,3,0,0,0,0,4,0,0,0,3,0,3,3,0,5,4,0,3,0,5,0,5,0,2,0,0,0,0,5,5,2,2,0,3,3,0,0,5,0,0,0,5,0,0,0,2,2,0,3,0,2,5,0,0,0,0,5,4,0,2,0,0,0,1,0,3,0,0,0,0,0,0,0,2,4,0,0,0,0,0,5,0,0,0,0,0,0,0,5,0,0,2,0,0,0,0,0,0,0,0,5,0,0,0,0,0,0,0,0,0,0,0,0,0,0,0,0,0,0,0,0,0,0,0,0,0,0,0,0,0,0,0,0,0,0,0,0,0,0,0,0,0,0,0,0,0,0,0,0,0,0,0,0,0,0,0,0,0,0,0,0,0,0,0,0,0,0,0,0,0,0,0,0,0,2,0,0,0,0,0,0,0,0,0,0,0,0,0,0,0,0,0,0,0,0,0,0,0,0,0,0,0,0,0,0,0,0,0,0,0,0,0,0,0,0,0,0,0,0,0,0,0,0,0,0,5,0,0,0,0,0,0,0,0,0,0,0,0,0,0,0,0,0,0,0,0,0,0,0,0,0,0,0,0,2,0,0,0,0,0,0,0,0,0,0,0,0,2,5,0,1,0,0,0,2,3,4,2,0,0,0,0,0,0,2,4,5,0,3,0,0,5,0,3,0,0,0,0,0,3,0,0,5,0,0,0,0,0,0,0,0,0,3,0,0,0,0,0,0,0,0,0,0,0,0,0,4,5,0,0,3,2,0,0,0,0,0,0,0,0,3,4,0,2,0,5
79,0,4,0,4,5,0,0,2,3,3,2,0,0,0,0,4,0,2,0,0,0,5,0,0,0,0,0,0,0,0,4,0,5,0,0,3,2,0,0,0,0,0,0,0,0,0,0,0,4,0,2,0,0,4,0,0,3,5,0,5,0,5,0,0,0,0,0,5,0,0,4,0,0,0,4,0,3,0,0,0,0,4,0,0,0,0,4,0,0,5,0,0,0,0,0,0,0,4,4,0,4,0,0,0,0,0,4,5,0,2,0,0,0,0,0,0,0,0,0,0,5,0,3,0,0,4,2,2,0,0,0,3,0,0,0,0,0,5,0,0,0,0,0,0,0,0,0,0,0,0,0,0,4,0,0,0,0,0,0,0,0,0,0,0,0,0,4,0,0,0,0,0,0,0,0,0,0,0,0,1,0,0,0,0,0,0,0,0,0,0,0,0,0,0,0,0,0,0,0,0,4,0,0,0,0,0,0,0,0,0,0,0,0,0,0,0,4,2,4,4,0,0,0,3,2,0,0,0,0,0,0,0,0,0,0,0,0,0,0,0,0,0,5,0,0,1,0,0,0,0,0,0,0,0,0,0,0,0,0,0,0,0,0,0,0,0,0,0,0,0,0,0,0,0,0,0,0,0,0,0,0,0,0,0,0,0,0,0,0,0,0,0,0,0,0,0,0,0,0,0,0,0,0,0,0,0,0,0,0,0,0,0,0,0,3,0,0,0,0,0,0,0,0,0,0,0,0,0,0,0,3,2,5,0,0,0,2,3,5,0,0,0,4,0,4,0,0,0,3,2,3,0,0,5,1,0,0,0,0,0,0,0,4,5,0,0,5,0,2,0,0,5,4,0,0,0,0,0,0,4,0,0,0,0,0,4,3,0,3,0,0,0
80,1,4,0,0,0,0,0,4,2,0,3,5,0,4,0,0,0,0,0,0,0,0,0,5,4,0,0,5,4,0,2,5,0,0,0,0,4,0,0,0,5,0,4,0,0,0,0,0,0,0,0,0,4,0,3,0,5,0,3,3,0,0,0,0,0,0,4,5,0,0,0,3,0,0,0,4,0,0,2,2,0,0,0,3,0,5,0,0,4,0,3,2,0,5,0,2,3,0,0,0,3,0,0,0,2,3,0,0,5,0,0,2,4,0,0,0,5,2,0,0,4,0,0,0,0,0,0,0,0,0,0,0,0,0,0,4,0,0,0,0,0,0,0,0,0,0,0,0,0,0,0,0,0,0,0,0,0,0,0,0,0,0,0,0,0,0,0,0,0,0,0,0,5,0,0,0,0,0,0,0,0,0,0,0,0,0,0,0,0,0,0,0,0,0,0,0,0,0,0,0,0,0,0,0,0,0,0,0,0,0,0,0,3,3,0,0,0,0,0,5,3,0,0,0,0,0,0,0,2,0,0,0,0,0,0,0,0,0,0,0,0,0,0,0,0,0,0,0,0,0,0,0,0,0,0,0,0,0,0,0,0,0,0,0,0,0,0,0,0,0,0,0,0,0,0,0,2,0,0,0,0,0,0,0,0,0,0,0,0,0,0,0,0,0,0,0,0,0,0,0,0,0,0,0,0,0,0,0,0,0,0,0,3,0,0,4,0,0,0,0,0,4,3,5,0,5,0,0,2,0,0,0,4,0,0,0,2,0,2,0,3,0,5,0,0,0,3,0,0,0,3,0,4,0,2,4,0,0,2,0,0,0,3,0,5,0,0,0,0,5,4,0,0,0,4,5,4,0,4,4,0,0,3,0,5,2,0,4,0,0,0,0
81,4,4,3,0,0,3,4,0,0,2,0,3,5,0,0,0,0,0,5,3,0,0,0,4,0,0,0,0,3,0,0,0,4,0,0,4,0,0,2,0,0,0,0,0,0,0,0,3,0,0,4,0,0,0,0,0,0,2,0,0,0,0,0,0,0,0,0,0,0,4,5,3,0,4,0,0,0,5,0,2,2,0,0,0,5,0,0,0,0,0,0,3,0,0,4,0,0,0,5,0,5,0,0,0,0,2,0,2,5,2,3,3,0,3,0,0,3,0,0,0,0,0,5,0,0,0,3,4,0,5,0,2,0,0,0,0,2,4,0,0,0,0,0,0,0,0,0,0,0,0,0,0,0,0,0,0,0,0,0,0,0,0,0,0,0,0,0,0,0,0,0,0,0,0,0,0,0,0,0,0,0,0,0,0,0,0,0,0,0,0,0,0,0,0,0,0,0,0,0,0,0,0,0,0,0,0,0,0,0,0,0,0,0,5,0,0,0,0,0,0,0,2,5,0,0,0,0,0,0,0,0,0,0,0,0,0,0,0,0,0,0,0,0,0,0,0,0,0,0,0,0,0,0,0,0,0,0,0,0,0,0,0,0,0,0,0,0,0,0,0,0,0,0,0,0,0,0,0,0,0,0,0,0,0,0,0,0,0,0,0,0,0,0,0,0,0,0,0,0,5,0,0,0,0,0,0,0,0,0,0,0,0,0,5,0,0,3,4,0,0,0,0,2,0,4,0,3,4,0,0,3,0,0,0,0,0,0,0,0,0,0,0,0,0,0,4,0,0,0,0,0,1,2,0,0,4,0,3,0,0,5,5,4,4,0,5,0,4,4,2,0,0,0,2,0,0,4,0,0,0,0,0,0,0,0,0,0,0,0,0,0,0
82,3,0,5,0,0,0,0,2,0,0,0,0,0,3,0,4,4,0,0,0,5,0,0,5,0,5,0,0,0,0,4,0,0,0,0,0,0,3,2,0,2,0,0,0,0,0,3,3,0,4,0,0,0,3,0,0,5,0,0,0,4,3,0,0,2,0,0,0,0,0,0,0,0,3,0,0,3,0,0,0,0,0,0,5,2,0,3,0,5,0,5,5,4,0,5,0,0,0,2,0,0,0,0,4,0,4,5,0,5,0,0,0,0,0,0,0,0,0,0,0,0,2,0,3,0,5,0,0,2,0,0,0,0,0,5,0,5,0,0,0,0,0,0,0,0,0,0,0,0,0,0,0,0,0,0,0,0,0,0,0,0,0,0,0,0,0,0,0,0,0,0,0,0,0,0,0,0,0,0,0,0,0,0,0,0,0,0,0,0,0,0,0,0,0,0,1,0,0,0,0,0,0,0,0,0,0,0,0,0,0,0,0,0,0,3,0,3,4,5,0,3,2,0,2,0,0,0,0,0,0,0,0,0,0,0,0,0,0,0,0,0,0,0,0,0,0,0,0,0,0,0,0,0,5,0,0,0,0,0,0,0,0,0,0,1,0,0,0,0,0,0,0,0,0,0,0,0,0,0,0,0,0,0,0,0,0,0,0,0,0,0,0,0,0,0,0,0,0,0,0,0,0,0,0,0,0,0,0,0,0,0,0,0,0,3,4,0,0,3,0,0,0,0,0,2,0,2,0,0,0,0,0,5,0,0,5,0,0,3,0,0,0,0,0,0,0,0,0,0,5,0,0,0,0,0,0,2,3,0,0,0,1,0,5,0,0,0,2,0,2,0,5,0,0,0,0,5,0,0,5,5,2,5,0,0,2,0,5,5,0,3,2
83,0,0,0,0,0,0,0,0,0,0,0,0,0,0,0,0,0,0,0,0,0,0,0,0,0,0,0,0,0,0,0,0,0,0,0,0,0,0,1,0,0,0,0,0,0,0,0,0,0,0,0,0,0,0,0,0,0,0,0,0,0,0,0,0,0,0,0,5,0,0,0,0,0,0,0,0,0,0,0,0,0,0,0,0,0,0,0,0,0,0,0,0,0,0,0,0,0,0,0,0,0,0,0,0,0,0,0,0,0,0,0,0,0,0,0,0,0,0,0,0,0,0,0,0,0,0,0,0,0,0,0,0,0,0,0,0,0,0,0,0,0,0,0,5,0,0,0,0,0,0,3,3,2,0,0,3,3,4,0,3,5,0,0,0,4,0,0,0,0,3,0,4,0,5,3,3,0,0,3,4,4,0,0,3,0,0,0,0,0,4,2,0,4,0,0,0,0,0,5,0,0,0,0,0,0,0,0,4,0,3,0,0,4,0,0,0,0,0,0,0,0,0,0,0,0,0,4,0,0,1,0,5,2,0,4,0,0,0,4,3,4,0,4,0,0,0,5,0,0,0,5,0,0,4,3,0,5,0,4,4,0,0,0,0,0,0,5,5,0,2,0,4,4,0,0,0,0,3,2,4,0,0,2,0,5,0,4,0,3,4,0,0,3,3,3,0,0,0,0,0,0,5,4,0,5,0,3,0,5,5,0,5,0,0,0,0,0,0,0,0,0,0,0,0,2,0,0,0,0,0,0,0,0,0,0,0,0,0,0,0,0,0,5,0,0,0,0,0,0,0,0,0,0,0,0,0,0,0,0,0,0,0,0,0,0,0,0,0,0,0,0,0,0,0,0,0,0,0,0,0,0,0,0,0,0,0,0,0,0,0,0,0
84,0,0,0,0,0,0,0,0,0,0,0,0,0,0,2,0,0,0,0,0,0,0,0,1,0,0,0,0,0,0,0,0,0,0,0,0,0,0,0,0,0,0,0,0,3,0,0,0,4,0,0,0,0,0,0,0,0,0,0,0,0,0,0,0,0,0,0,0,0,0,0,0,0,0,0,0,0,0,0,0,0,0,0,0,0,0,0,0,0,0,0,0,0,0,0,0,0,0,0,0,0,0,0,0,0,0,0,0,0,0,0,0,0,0,0,0,0,0,0,0,0,0,0,0,0,0,0,0,0,0,0,0,0,0,0,0,0,0,4,3,5,0,0,0,0,0,0,0,2,0,0,3,4,0,0,0,4,1,0,0,5,0,1,4,0,0,2,3,0,2,0,0,0,2,0,4,4,0,0,0,0,0,0,0,0,0,0,0,4,5,0,3,0,0,0,0,0,5,4,4,4,0,0,4,3,0,5,3,0,0,0,0,0,0,0,0,0,0,0,0,0,0,0,0,0,2,3,4,4,0,0,0,0,0,0,2,0,0,0,0,0,0,0,0,0,0,0,0,5,2,0,5,0,5,4,3,0,0,2,3,0,0,4,5,4,0,0,0,0,5,0,5,0,0,4,2,2,3,0,0,0,0,0,0,4,0,5,0,0,3,0,0,0,5,0,0,2,0,3,0,0,0,0,3,0,0,0,0,4,0,0,0,0,0,0,0,0,0,0,0,0,0,0,0,0,0,0,0,0,0,0,0,0,0,0,0,0,0,0,0,0,0,0,0,0,0,0,0,0,0,0,0,0,0,0,0,0,0,0,0,0,0,0,0,0,0,0,0,0,5,0,0,0,0,0,0,0,0,0,0,0,0,0,0,0,0,0,0,0,0,0,0
85,0,2,0,0,0,0,0,0,0,4,0,0,0,0,3,0,0,2,0,2,4,0,0,4,5,3,4,0,0,0,0,0,5,0,0,0,0,0,0,2,0,0,5,0,4,0,0,0,0,0,0,0,0,3,0,2,0,3,0,0,3,0,5,0,0,0,3,4,0,0,0,4,0,0,0,0,5,5,0,0,0,3,5,3,0,0,5,0,0,3,2,3,5,5,0,0,0,4,0,0,0,5,0,5,0,0,0,0,0,3,0,3,0,0,0,0,0,4,0,0,0,0,0,2,0,0,3,0,4,5,0,0,0,0,3,0,0,2,0,0,0,0,0,0,2,0,0,0,0,0,0,0,0,0,0,0,0,0,0,0,0,0,0,0,0,0,0,0,0,0,0,0,0,0,0,0,0,0,0,0,0,0,0,0,0,0,0,0,0,0,0,0,0,0,0,0,0,0,0,0,0,5,0,0,0,0,0,0,0,0,0,0,0,0,0,0,0,0,2,0,0,0,0,0,5,0,0,0,0,5,0,0,0,0,0,2,0,0,0,0,4,0,0,0,0,0,0,4,0,0,0,0,0,0,0,0,0,0,0,0,0,0,0,0,0,0,0,0,0,0,0,0,0,0,0,0,0,0,0,0,0,0,0,0,0,0,0,0,0,0,0,0,0,0,0,0,0,0,0,0,0,0,0,0,0,0,0,0,0,0,0,0,5,5,0,0,0,0,2,0,0,0,0,0,0,3,0,0,0,0,0,0,0,0,0,0,0,0,3,4,5,0,0,5,3,0,2,0,0,0,0,0,0,1,5,0,0,0,0,5,0,4,2,0,0,0,0,0,0,3,0,0,0,0,3,2,0,0,0,0,0,0,0,0,0,0,0,5,0,0,0,3
86,0,0,0,0,0,0,0,0,0,0,0,0,0,0,0,0,0,0,0,0,0,0,0,0,0,0,0,0,0,0,0,0,0,0,0,0,0,0,0,0,0,0,0,0,0,0,2,0,0,0,0,0,0,0,0,0,0,0,0,0,0,0,0,0,0,0,0,0,0,0,0,0,0,0,0,0,0,0,0,0,0,0,0,0,0,0,0,0,0,0,0,0,0,0,0,0,0,0,0,0,0,0,0,0,0,0,0,0,0,0,0,0,0,0,0,0,0,0,0,0,0,0,0,0,0,0,0,0,0,0,0,4,0,0,0,0,0,0,0,0,0,0,0,4,0,4,0,0,0,2,5,0,0,0,4,5,0,5,4,4,0,0,0,0,0,0,0,0,0,5,0,0,1,0,0,0,0,0,0,4,0,3,0,0,0,0,0,0,5,0,4,0,2,0,0,2,4,3,5,0,4,0,3,0,0,4,0,2,0,0,0,0,2,0,0,0,0,0,0,0,0,0,0,0,0,0,2,0,3,2,3,0,2,4,0,0,4,0,0,0,0,3,0,4,4,5,0,0,0,4,2,2,2,0,0,4,4,0,5,0,4,0,0,0,2,0,2,4,0,4,5,0,5,0,3,0,0,0,0,2,0,3,0,0,0,1,0,0,4,4,0,5,2,0,0,0,0,4,0,5,0,0,0,0,0,3,4,0,0,3,2,5,0,0,0,0,0,0,0,0,0,0,0,0,0,0,0,0,0,0,0,0,0,0,0,0,0,0,0,0,0,0,0,0,0,0,3,0,0,0,0,0,1,0,0,0,0,0,0,0,0,0,0,0,0,0,0,0,0,0,0,0,0,0,0,0,0,0,0,0,0,0,0,0,0,0,0,0,0,0,0,0
87,3,0,0,0,5,5,4,0,0,0,0,0,0,0,0,2,0,0,0,2,0,2,0,4,0,3,1,0,2,0,2,0,4,4,2,2,0,0,0,0,0,5,0,0,4,0,3,0,4,0,0,3,0,0,0,0,2,5,0,0,0,0,5,3,2,0,0,0,2,3,0,0,0,2,0,5,0,0,0,0,3,0,0,0,0,0,0,0,0,0,0,0,3,0,0,3,0,0,3,0,0,0,0,0,2,0,2,4,0,3,5,4,0,0,5,2,0,0,0,0,0,4,0,2,0,0,5,2,0,0,0,0,0,0,0,4,0,3,0,0,0,0,0,0,0,0,0,0,0,0,0,0,2,0,0,0,0,0,0,0,0,3,0,0,0,0,0,0,0,0,0,0,0,0,0,0,2,0,0,0,0,0,0,0,0,0,0,0,0,0,0,0,0,0,0,0,0,0,0,0,0,0,0,0,0,0,0,0,0,0,0,0,0,0,4,0,0,0,0,0,0,4,0,0,4,0,0,0,0,0,0,0,0,0,0,0,0,0,0,0,0,0,0,0,0,0,0,0,0,0,4,0,0,0,0,0,0,0,0,0,0,0,0,0,0,0,0,0,0,0,0,0,0,0,0,0,0,0,0,1,0,0,0,0,0,0,0,0,0,0,0,0,0,0,0,0,0,0,0,2,0,0,0,0,0,0,0,0,0,0,0,0,4,5,0,0,0,3,0,3,2,0,4,0,0,4,0,2,4,0,0,0,0,3,0,3,0,0,0,0,0,0,2,0,0,0,0,0,5,3,0,0,0,0,0,3,0,0,3,0,0,0,4,0,0,4,0,3,0,0,0,0,0,0,0,2,2,0,4,3,0,0,0,0,0,0,3,0,5,0,3,0
88,0,0,0,0,0,0,0,0,0,0,0,0,0,0,0,0,0,0,0,0,0,0,0,0,0,0,0,0,0,0,0,0,0,0,0,0,0,0,0,0,0,0,0,0,0,0,0,0,0,0,1,0,0,0,0,0,0,0,0,0,0,0,0,0,0,0,0,0,0,0,0,0,0,0,0,0,0,0,0,0,0,0,0,0,0,0,5,0,0,0,0,0,0,0,0,0,0,0,0,0,0,0,0,0,0,0,0,0,0,0,0,0,0,0,0,0,0,0,0,5,0,0,0,0,0,0,0,0,0,0,0,0,0,0,4,0,0,0,3,0,0,0,0,0,0,0,0,0,0,0,0,0,0,0,0,0,0,0,0,0,0,0,0,0,0,0,0,4,4,0,2,0,0,0,0,0,0,0,4,0,0,0,0,2,0,0,4,5,5,2,0,5,0,4,0,0,0,0,0,0,0,0,0,0,4,0,0,4,0,0,0,0,0,0,0,0,0,0,0,0,0,0,0,0,0,0,0,4,3,0,2,0,0,0,0,0,2,0,5,0,4,3,0,0,4,5,5,0,0,0,0,0,0,4,0,0,0,0,5,2,2,0,0,0,0,5,0,0,0,4,0,2,0,0,0,0,2,0,0,0,3,3,4,2,0,0,0,0,0,5,0,0,0,2,5,0,0,3,0,0,3,3,4,0,0,4,3,0,0,0,5,0,0,0,0,0,0,0,0,0,0,0,0,0,0,0,0,0,0,0,0,0,0,0,0,0,0,0,0,0,0,0,0,0,0,0,0,0,0,0,0,0,0,0,0,0,0,0,0,0,0,0,0,0,0,0,0,0,0,0,0,0,0,0,0,0,0,0,0,0,0,0,0,0,0,0,0,0,0,0,0,0
89,5,0,0,3,0,0,0,0,0,0,0,0,3,0,3,3,0,0,3,0,0,0,2,2,0,2,0,0,0,0,0,0,0,0,4,3,0,0,0,5,0,0,0,0,5,5,5,4,0,0,0,0,0,2,0,0,0,2,0,3,4,0,3,0,0,4,0,0,0,0,0,0,0,0,3,0,0,5,0,4,0,0,0,5,3,0,0,0,0,0,0,0,0,5,0,0,0,0,0,0,0,0,0,0,0,0,0,0,0,0,3,4,4,2,3,0,2,0,2,0,3,0,0,0,3,0,0,5,2,0,3,2,0,0,0,3,0,4,0,0,0,0,0,0,0,0,0,0,0,0,0,0,0,0,0,0,0,0,0,0,0,0,0,3,0,0,0,0,0,0,0,0,0,0,0,0,0,0,0,0,0,0,0,0,0,0,0,0,0,0,0,0,0,0,0,0,0,0,0,0,0,0,0,0,0,0,0,0,0,0,0,0,0,0,0,0,0,0,0,3,0,3,0,0,0,0,0,0,0,0,0,0,0,0,0,0,0,0,0,0,0,0,0,0,0,0,0,0,0,0,0,0,0,0,0,4,0,0,0,5,0,0,0,0,0,0,0,0,0,0,0,0,0,0,0,0,0,0,0,0,0,0,0,0,0,0,0,0,0,0,0,0,0,0,0,0,0,0,0,0,0,0,0,0,0,0,0,0,0,0,0,0,0,0,3,0,1,0,3,0,0,0,3,4,0,0,0,5,0,2,5,0,4,0,5,3,0,2,5,0,5,0,4,0,0,0,4,0,0,5,2,2,0,0,5,0,3,0,0,3,2,2,0,0,0,0,0,0,0,0,0,0,0,0,0,4,0,0,0,3,0,0,0,0,0,2,5,0,0,3,0,0
90,0,0,0,3,1,0,0,0,0,2,4,0,5,0,3,0,0,0,0,0,2,2,0,0,4,3,5,0,0,0,0,5,0,0,4,3,0,0,0,0,0,0,0,5,2,0,0,0,0,0,5,0,0,3,0,0,0,0,5,0,0,0,0,0,0,0,0,0,4,0,0,0,0,0,0,0,0,2,0,2,0,0,2,0,0,0,2,5,0,0,0,4,2,0,0,0,0,0,2,0,2,0,0,5,2,3,0,0,4,0,0,0,0,3,2,5,0,0,0,0,4,2,5,0,5,4,0,4,2,4,0,3,0,0,0,0,4,3,0,0,0,0,0,3,0,0,0,0,0,0,0,0,0,0,0,0,0,0,0,0,0,0,0,0,0,0,0,0,0,0,0,3,0,0,0,0,4,0,0,0,0,0,1,0,3,0,0,3,0,0,0,0,0,0,0,0,0,0,0,0,0,0,0,0,0,0,3,0,0,0,0,0,0,0,4,0,0,0,0,0,4,4,0,0,0,0,0,0,0,0,0,0,0,0,0,0,0,0,0,0,0,0,0,0,0,0,0,0,0,0,0,0,0,0,0,1,0,0,0,0,0,0,0,0,0,0,0,0,0,0,0,0,0,0,0,0,0,0,0,0,0,0,0,0,0,0,0,0,0,0,0,0,0,0,0,0,0,0,0,0,0,0,0,0,0,0,0,0,0,0,0,0,0,0,0,0,5,0,0,3,0,0,3,4,0,0,0,0,0,0,0,0,2,4,0,5,0,0,0,0,0,0,0,5,0,0,0,5,0,2,0,0,3,0,0,0,0,0,4,3,3,2,0,0,5,0,0,0,0,0,0,0,0,0,0,0,5,4,0,0,0,4,0,4,0,0,4,0,0,3,4,0
91,0,0,0,3,4,5,0,0,0,0,0,0,0,0,3,0,0,5,3,0,1,0,5,0,0,0,0,0,0,0,0,2,0,4,0,4,0,0,0,3,0,5,0,0,0,0,5,0,0,0,0,0,0,0,0,0,0,0,2,0,0,4,0,5,0,0,0,5,0,0,0,0,4,2,5,5,0,3,4,4,0,4,0,3,0,0,3,3,2,3,0,0,0,0,0,0,0,0,0,0,0,4,0,0,0,0,0,4,0,0,0,0,0,0,2,0,0,5,2,0,0,2,0,2,2,5,0,0,0,0,3,0,3,0,5,2,0,0,0,0,0,0,0,0,0,0,0,0,0,0,0,0,2,0,0,0,0,0,0,0,0,0,0,0,2,0,0,0,0,0,3,0,0,0,0,0,0,0,0,0,0,0,0,0,0,0,0,0,0,0,0,0,4,0,0,0,0,0,0,0,0,0,0,0,0,0,0,0,0,0,0,0,0,0,5,0,0,0,3,0,5,2,0,0,4,0,0,0,0,0,0,0,0,0,0,0,0,0,0,0,0,0,0,0,0,0,0,0,0,0,0,0,0,0,0,0,0,0,0,0,0,0,0,0,0,0,0,0,0,0,0,0,0,0,0,0,0,0,0,0,0,0,0,0,0,0,0,0,0,0,0,0,0,0,0,0,0,0,0,0,0,0,0,0,0,0,3,0,0,0,0,0,0,0,0,0,0,0,4,0,0,0,0,0,0,0,5,0,0,3,0,0,0,0,2,0,0,0,0,4,0,3,0,0,5,0,0,0,0,0,0,0,2,3,0,0,0,0,0,0,0,0,0,0,5,0,0,0,0,0,5,0,0,4,0,0,0,4,0,2,0,0,5,0,0,0,0,0,2,3,0,3
92,0,3,0,0,0,0,0,0,0,0,0,0,0,0,0,0,0,0,0,0,0,0,0,0,0,0,0,0,0,0,0,0,0,0,0,0,0,0,0,0,0,0,0,0,0,0,0,0,0,0,0,0,0,0,0,0,0,0,4,0,4,0,0,0,0,0,0,0,0,0,0,0,0,0,0,0,0,0,0,0,0,0,0,0,0,0,0,0,0,3,0,0,3,0,0,0,0,3,0,0,0,1,0,0,0,0,0,0,0,0,0,0,0,0,0,0,0,0,0,0,2,0,0,0,0,0,0,0,0,0,0,0,0,0,0,0,0,0,0,0,0,0,2,5,2,0,2,0,0,5,0,2,0,0,0,0,0,0,0,0,0,0,0,0,0,0,0,0,0,0,5,0,0,0,0,0,3,0,0,3,0,0,0,2,0,0,2,4,0,4,0,0,2,0,0,0,0,0,0,0,0,2,0,0,0,5,0,4,0,0,0,0,0,0,0,0,0,0,0,0,0,0,0,0,0,0,0,0,0,0,4,5,0,0,5,0,0,5,2,0,2,0,4,0,4,0,5,3,4,0,0,0,0,0,0,0,5,2,0,0,2,0,3,4,0,0,0,3,0,4,0,5,3,5,0,4,3,5,0,0,0,5,0,0,5,0,4,0,0,4,0,4,0,0,3,0,0,3,0,0,0,4,0,0,0,2,0,0,2,5,0,0,0,5,0,0,3,0,0,0,0,0,0,0,0,0,0,0,0,0,0,0,0,0,0,0,0,0,0,0,0,3,0,0,0,0,0,0,0,0,0,0,0,0,0,0,0,0,0,0,0,0,0,0,0,0,0,0,0,0,0,0,0,0,0,0,0,0,0,0,0,0,4,0,0,0,0,0,0,0,0,0
93,0,0,0,0,0,2,0,0,0,3,0,5,0,0,5,0,0,0,3,0,0,0,0,5,0,3,0,4,0,0,0,3,0,3,3,4,0,3,2,5,0,0,0,2,3,0,0,4,0,5,0,2,0,0,0,3,0,0,0,3,3,3,3,0,0,0,0,0,0,0,5,0,0,0,0,0,2,0,0,0,0,4,0,3,3,3,0,0,0,0,0,2,0,3,0,5,4,3,0,5,0,0,0,5,0,0,0,0,0,0,0,0,0,5,0,0,0,4,0,0,5,2,0,4,0,0,5,0,0,0,0,0,0,0,0,0,0,0,0,0,0,0,0,0,0,0,0,0,0,0,0,0,0,0,0,0,0,0,0,0,0,0,0,0,0,0,4,0,0,0,0,0,0,0,0,0,0,0,0,0,0,0,0,0,0,0,0,0,0,0,0,0,0,0,0,0,0,0,0,0,0,0,0,0,0,0,0,0,0,0,0,0,0,2,1,3,0,0,0,0,0,0,0,0,0,0,0,0,0,0,0,0,0,0,0,0,0,0,0,0,0,0,0,0,0,0,0,0,0,0,0,0,0,0,0,0,0,0,0,0,0,0,0,0,0,0,1,0,0,0,0,0,0,4,0,0,0,0,0,0,0,0,0,0,0,0,0,0,0,0,0,0,0,0,0,0,0,0,0,0,0,0,0,0,0,0,0,0,0,0,0,0,0,2,0,3,0,0,2,0,0,0,0,0,5,0,5,0,0,5,0,0,0,0,3,0,0,5,0,0,0,2,0,3,0,0,2,0,0,0,4,0,0,3,5,0,0,0,0,0,0,0,0,0,0,3,0,0,0,0,0,3,3,0,0,0,0,4,0,5,0,3,0,4,0,0,0,3,4,0,5,5
94,0,0,0,0,0,0,0,0,0,0,0,0,0,0,0,0,0,0,0,0,0,0,0,0,0,0,0,0,0,0,0,0,0,0,0,0,0,0,0,0,0,0,0,0,0,0,0,0,0,0,0,0,0,0,0,0,0,0,0,4,0,0,0,0,0,0,0,0,0,0,0,0,0,0,0,0,0,0,0,0,0,0,0,0,0,0,3,0,0,0,0,0,0,0,0,0,0,0,0,0,0,0,0,0,0,0,0,0,0,0,0,0,0,0,0,0,0,0,0,0,0,3,0,0,0,0,0,0,0,0,3,0,0,0,0,0,4,0,0,0,0,0,0,0,0,0,0,0,5,0,0,0,0,3,3,0,0,4,0,0,0,2,0,0,0,0,0,3,0,4,2,3,0,0,5,0,0,2,0,3,0,0,4,3,0,0,0,0,0,1,4,3,3,0,0,0,5,3,0,0,5,0,0,0,5,0,4,0,0,5,0,0,5,0,0,0,0,0,0,4,0,0,0,0,0,0,0,0,0,0,4,0,5,4,4,0,5,5,0,0,0,0,2,1,0,0,0,0,2,0,3,0,3,0,0,2,0,0,0,0,0,0,3,0,0,3,5,0,0,0,2,3,3,0,4,5,0,0,0,0,2,0,0,0,0,5,0,0,0,4,2,3,0,0,0,2,0,0,0,0,0,2,5,0,5,2,3,0,0,4,0,0,0,0,0,3,0,0,0,0,0,0,0,0,0,0,0,0,0,0,2,0,0,0,0,0,0,0,0,0,0,0,0,0,0,0,0,0,0,0,0,0,0,0,0,0,0,0,0,0,0,0,0,0,0,0,0,0,0,0,0,0,0,0,0,0,0,0,0,0,0,0,0,0,0,0,0,0,0,0,0,0
95,0,0,0,0,0,0,0,0,0,0,0,0,0,0,0,0,0,0,0,0,0,0,0,0,0,0,0,0,0,0,0,0,0,0,0,0,0,0,0,0,0,0,0,0,0,0,0,0,0,0,0,0,0,0,0,0,0,0,0,0,0,0,0,0,0,0,0,0,0,0,0,0,0,0,0,0,0,0,0,0,0,0,0,0,0,0,0,0,0,0,0,0,0,0,0,0,0,0,0,0,0,0,0,0,0,0,0,0,0,0,0,0,0,0,0,0,0,0,0,0,0,0,0,0,0,0,0,0,0,0,0,0,0,0,0,0,0,0,0,0,2,0,0,0,0,3,0,5,3,0,0,0,4,3,0,0,0,0,0,4,0,0,2,0,0,2,5,0,0,0,0,0,4,0,0,0,0,0,3,4,5,5,0,0,0,0,5,0,4,0,0,0,5,3,0,0,0,0,3,0,0,0,0,0,3,0,0,5,3,0,0,0,0,0,0,0,0,0,0,0,0,0,0,0,0,5,5,3,4,3,0,0,4,0,2,3,0,4,0,0,0,0,0,0,2,0,0,0,0,0,0,0,0,0,0,0,0,0,0,0,0,0,4,0,0,0,0,0,0,5,3,0,0,0,0,0,0,4,0,0,3,5,0,0,0,0,0,0,0,0,2,0,3,0,0,3,5,0,0,0,5,0,0,0,4,5,0,0,0,0,0,3,0,0,0,0,0,0,0,0,0,0,0,0,0,0,0,0,0,0,0,0,0,0,0,0,0,0,0,0,0,0,0,0,0,0,0,0,0,0,0,0,0,0,0,0,0,0,0,0,0,0,0,0,0,0,0,4,0,0,0,0,0,0,0,0,0,0,0,0,0,0,0,0,0,0,0,0,0,0,0,0
96,4,0,4,0,2,0,2,0,2,0,0,0,2,0,2,0,0,0,0,0,0,0,0,0,0,0,0,0,4,0,3,0,0,3,3,0,0,0,0,0,0,0,0,0,2,0,0,0,0,0,0,0,3,0,0,4,0,0,0,0,0,0,0,0,0,4,5,0,0,3,0,3,0,0,4,0,5,0,0,0,5,0,5,4,0,3,0,0,0,0,0,2,0,0,0,0,0,0,3,0,0,0,0,0,0,0,0,4,4,5,5,5,4,0,0,5,4,0,0,0,0,5,0,3,3,0,0,4,0,0,0,0,5,0,3,0,0,0,0,0,0,0,0,0,0,0,0,0,0,0,0,0,0,0,0,0,0,0,0,0,0,0,0,0,0,0,0,0,0,0,0,0,0,0,0,0,0,0,0,0,0,0,0,0,0,0,0,0,0,0,0,0,0,0,0,0,0,0,0,0,0,0,0,0,0,0,0,0,0,0,0,0,0,0,0,0,0,0,0,5,0,0,0,0,0,0,0,0,0,0,0,0,0,0,0,0,0,0,0,0,0,0,0,0,0,0,0,0,0,0,0,0,0,4,0,0,0,0,0,0,0,0,0,0,0,0,0,0,0,0,0,0,0,0,0,0,0,0,0,0,0,0,0,0,0,0,0,4,0,0,0,0,0,0,0,0,0,0,0,0,0,0,0,0,0,0,0,0,0,0,0,0,0,0,4,0,4,0,0,0,0,0,0,4,0,0,0,5,0,4,0,4,0,0,0,3,4,0,0,0,0,0,0,0,0,4,0,5,0,5,0,0,0,0,2,4,0,3,0,0,0,0,0,0,0,0,2,0,5,3,2,0,4,4,0,0,0,0,0,0,0,0,5,0,0,0,0,0,0,0,0,0
97,0,0,0,0,0,0,0,0,0,4,0,0,0,5,0,0,0,0,4,0,1,0,0,0,0,0,0,0,0,0,0,4,0,5,0,0,5,0,4,0,0,5,0,0,0,0,0,4,5,0,0,0,0,3,2,0,2,0,0,5,0,0,0,0,0,0,0,2,5,5,0,4,0,3,0,0,0,0,0,0,0,0,5,0,0,0,3,0,0,5,0,0,3,0,0,0,5,0,0,0,5,0,0,0,5,0,0,0,0,0,4,0,4,0,0,0,1,0,0,0,0,4,0,0,0,0,4,2,5,0,0,3,3,0,0,0,0,0,0,0,0,0,0,0,0,0,0,0,0,0,0,0,0,0,0,0,0,0,0,0,0,0,0,0,4,0,0,0,0,0,0,0,0,0,0,0,0,0,0,0,0,0,0,0,0,0,0,0,0,0,0,0,0,0,0,0,0,0,0,5,0,0,0,0,0,0,0,0,0,0,0,0,0,4,0,0,0,4,0,0,0,0,0,5,0,0,0,5,0,0,0,0,0,0,0,0,0,0,0,0,0,0,0,0,0,0,0,0,0,0,0,0,0,1,0,0,0,0,0,0,0,0,0,0,0,0,0,0,0,0,0,0,0,0,0,0,0,0,0,0,0,0,0,0,0,0,0,0,0,0,0,0,0,0,0,0,0,0,0,0,0,0,5,0,0,0,0,0,0,0,0,0,4,0,0,0,0,0,5,2,0,5,0,0,2,0,0,0,0,0,0,0,0,0,0,0,0,4,0,0,3,4,0,5,0,0,0,5,3,0,0,0,0,0,0,0,3,0,4,4,0,3,0,5,0,0,0,0,0,3,0,2,0,0,0,0,5,0,0,0,0,2,0,0,2,3,5,0,0,0,0,0
98,0,4,2,0,0,0,0,4,0,0,0,0,0,3,0,3,3,0,3,0,4,5,0,0,0,0,0,5,0,2,5,0,4,0,4,0,0,0,4,5,3,0,0,0,0,0,2,0,0,0,5,4,0,0,0,0,0,0,0,0,0,0,0,0,3,3,0,3,0,5,0,3,4,5,4,0,0,0,4,4,0,0,0,0,0,3,0,3,0,5,0,0,0,5,3,0,2,0,2,0,0,0,3,0,2,0,4,0,0,0,0,0,0,5,5,0,0,0,0,0,0,0,0,0,4,5,0,0,0,0,0,0,0,2,5,4,0,0,0,0,0,0,0,0,0,0,0,0,0,0,0,0,0,0,0,0,0,0,0,0,0,0,0,0,0,0,0,0,0,0,0,0,0,0,0,0,0,0,0,0,0,0,0,0,0,0,0,0,0,0,0,0,0,0,0,0,0,0,0,0,0,0,0,0,0,0,0,0,0,0,0,0,0,2,0,4,2,2,2,0,0,0,0,3,0,0,0,0,0,0,0,0,0,0,0,0,0,0,0,0,0,0,0,0,0,0,0,0,0,0,0,0,0,0,0,0,0,0,0,0,0,0,0,0,0,0,0,0,0,0,0,0,0,0,0,0,0,0,0,0,0,0,0,0,0,0,0,0,0,0,0,0,0,0,0,0,0,0,0,0,0,0,0,0,0,0,0,0,0,0,0,0,0,0,5,0,0,0,3,0,2,0,0,0,5,0,0,0,0,0,0,0,3,0,2,3,4,0,3,0,0,4,0,4,0,0,0,0,3,0,5,0,0,0,0,5,5,4,2,0,0,0,5,0,0,0,4,0,2,3,0,0,0,0,0,0,2,2,0,0,0,2,0,5,0,0,0,0,0,2,0,5
99,0,0,0,0,5,0,0,0,0,3,0,0,0,4,0,0,0,0,0,3,0,5,0,0,2,0,4,3,0,0,0,0,0,0,5,0,0,5,3,0,0,0,3,0,0,0,0,0,5,0,5,0,0,0,0,0,0,0,0,0,0,0,0,0,0,0,3,2,4,5,0,3,0,0,3,0,5,0,0,0,4,0,0,0,4,0,0,0,0,2,0,3,0,0,5,0,0,0,0,2,0,0,5,5,2,0,0,0,0,0,0,0,0,0,0,5,0,0,0,0,0,0,0,0,0,0,0,0,0,0,0,0,0,0,0,0,0,0,0,0,0,0,0,0,0,0,0,0,0,0,0,0,0,0,0,0,0,0,0,0,0,0,0,0,0,0,0,0,0,0,0,0,0,0,0,0,0,0,0,0,0,0,0,0,0,0,0,0,0,0,0,0,0,0,0,0,0,0,0,0,0,0,0,0,0,0,0,0,0,0,0,4,0,0,4,0,0,0,0,0,0,0,2,0,5,0,0,0,0,0,0,0,0,0,0,0,0,0,0,0,0,0,0,0,0,0,0,0,0,0,0,0,0,0,0,0,0,0,0,0,0,0,0,0,0,0,0,0,0,0,0,0,0,0,0,0,0,0,0,0,0,0,0,0,0,0,0,0,0,0,0,0,0,0,0,0,0,0,0,0,0,0,0,0,0,0,0,0,0,0,0,0,0,0,0,0,5,0,0,0,0,0,0,0,0,0,0,0,0,0,3,0,0,0,3,0,0,4,0,0,0,0,3,0,0,0,0,2,4,0,0,0,0,2,0,0,0,0,0,0,5,0,0,0,0,3,3,0,4,0,0,0,3,0,2,0,0,0,4,3,0,0,5,0,4,2,0,0,5,0,2,0
100,0,0,3,4,0,5,4,0,0,5,0,0,0,0,0,4,0,0,0,4,0,3,0,0,0,5,5,5,5,0,0,0,0,0,0,0,0,0,0,0,0,0,0,4,0,0,2,0,0,0,0,3,5,2,0,0,4,0,5,0,0,0,0,0,0,4,5,0,3,0,0,4,0,5,0,0,0,0,0,3,5,4,0,0,0,4,0,0,0,2,0,5,0,2,2,0,0,0,0,3,0,4,0,0,0,0,2,0,0,0,0,0,2,4,4,3,0,0,0,0,0,0,0,0,4,0,5,2,0,0,5,0,0,0,3,2,0,3,0,0,0,0,0,0,0,0,0,0,0,0,0,0,0,0,0,0,0,0,0,0,0,0,0,0,0,0,0,5,0,0,0,0,0,0,0,0,0,0,0,0,0,0,0,0,0,0,0,0,0,0,0,0,0,0,0,0,0,0,0,0,0,0,0,0,0,0,0,0,0,0,0,0,0,0,0,0,0,0,0,2,0,4,0,1,0,0,0,0,0,0,0,0,0,0,0,0,0,0,0,4,0,0,0,0,0,0,0,0,0,0,0,0,0,0,0,0,1,0,0,0,0,0,0,0,0,0,0,0,0,0,0,0,0,0,0,0,0,0,0,0,0,0,0,0,0,0,0,0,0,0,1,0,0,0,0,0,0,0,0,0,0,0,0,0,0,0,0,0,0,0,0,0,3,0,0,0,5,0,0,0,0,0,0,0,0,0,0,4,0,0,4,0,0,0,4,0,0,0,0,0,0,0,4,0,0,0,0,5,0,0,0,0,0,0,0,0,0,2,0,0,0,0,0,0,4,0,0,3,0,2,0,0,0,0,4,0,0,0,0,0,0,0,2,0,0,0,4,0,0,0,3,0
101,0,0,0,0,0,0,0,0,0,0,0,0,0,0,0,0,0,0,0,0,0,1,0,0,0,0,0,0,0,0,0,0,0,0,0,0,0,0,0,0,0,0,0,0,0,0,0,0,0,0,0,0,0,0,0,0,0,0,0,0,0,0,0,0,0,0,0,0,0,2,0,0,0,0,0,3,0,0,0,0,0,0,0,0,0,0,0,0,0,0,0,0,0,0,0,0,0,0,0,0,0,0,0,0,0,0,0,0,0,0,0,0,0,0,0,0,0,0,0,0,0,0,0,0,0,0,4,0,0,0,0,0,0,0,0,0,0,0,0,0,2,0,0,0,0,4,3,0,0,4,0,0,0,0,0,4,0,5,0,3,0,4,0,4,4,0,3,2,0,0,0,4,0,4,0,0,0,2,0,2,0,0,0,0,2,0,2,2,0,0,0,4,0,0,5,2,1,5,0,3,0,0,0,4,0,4,0,0,0,0,4,0,0,0,0,0,0,0,0,0,0,0,0,0,0,0,0,0,3,5,0,0,0,0,0,2,2,0,0,0,0,5,3,2,0,0,3,0,3,0,0,0,0,0,5,0,0,0,0,0,3,3,0,0,4,0,4,0,0,5,0,0,3,0,5,0,0,2,4,4,5,3,0,0,0,0,5,0,0,2,3,0,2,0,0,3,0,0,0,2,5,1,4,0,4,0,0,0,0,3,2,0,0,0,0,0,0,0,0,0,0,0,0,0,0,0,0,0,0,0,0,0,0,0,0,0,0,0,0,0,0,0,0,0,0,0,0,0,0,0,0,0,0,0,0,0,0,0,0,0,0,0,0,0,0,0,0,0,4,0,0,0,0,0,0,0,0,0,0,0,0,0,0,0,0,0,0,0,0,0,0,0
